{
  "agentview": {
    "intrinsic": [
      [
        618.0386719675123,
        0.0,
        256.0
      ],
      [
        0.0,
        618.0386719675123,
        256.0
      ],
      [
        0.0,
        0.0,
        1.0
      ]
    ],
    "extrinsic": [
      [
        -7.268184498698815e-08,
        0.6282664504107425,
        -0.7779982437565529,
        0.6586131746834771
      ],
      [
        0.9999999999999858,
        -7.268184498698815e-08,
        -1.521152659944569e-07,
        0.0
      ],
      [
        -1.521152659944569e-07,
        -0.7779982437565529,
        -0.6282664504107283,
        1.6103500240372424
      ],
      [
        0.0,
        0.0,
        0.0,
        1.0
      ]
    ]
  },
  "robot0_eye_in_hand": {
    "intrinsic": [
      [
        333.6256954473487,
        0.0,
        256.0
      ],
      [
        0.0,
        333.6256954473487,
        256.0
      ],
      [
        0.0,
        0.0,
        1.0
      ]
    ],
    "extrinsic": [
      [
        -4.612016555133325e-05,
        -0.9983455989571055,
        -0.057498373158781514,
        -0.15488927644010247
      ],
      [
        -0.9999999283568557,
        6.764666734798697e-05,
        -0.0003724381962029351,
        -0.0041846834546533105
      ],
      [
        0.0003757116073848446,
        0.057498351862506056,
        -0.9983455305523641,
        1.2554991274564113
      ],
      [
        0.0,
        0.0,
        0.0,
        1.0
      ]
    ]
  }
}