{
  "agentview": {
    "intrinsic": [
      [
        618.0386719675123,
        0.0,
        256.0
      ],
      [
        0.0,
        618.0386719675123,
        256.0
      ],
      [
        0.0,
        0.0,
        1.0
      ]
    ],
    "extrinsic": [
      [
        -7.268184498698815e-08,
        0.6282664504107425,
        -0.7779982437565529,
        0.6586131746834771
      ],
      [
        0.9999999999999858,
        -7.268184498698815e-08,
        -1.521152659944569e-07,
        0.0
      ],
      [
        -1.521152659944569e-07,
        -0.7779982437565529,
        -0.6282664504107283,
        1.6103500240372424
      ],
      [
        0.0,
        0.0,
        0.0,
        1.0
      ]
    ]
  },
  "robot0_eye_in_hand": {
    "intrinsic": [
      [
        333.6256954473487,
        0.0,
        256.0
      ],
      [
        0.0,
        333.6256954473487,
        256.0
      ],
      [
        0.0,
        0.0,
        1.0
      ]
    ],
    "extrinsic": [
      [
        7.173117907749438e-05,
        -0.9984448356138993,
        -0.055748588238345706,
        -0.15760906202149083
      ],
      [
        -0.9999999842078393,
        -8.068437866542988e-05,
        0.00015834882151277013,
        -0.00488965959359741
      ],
      [
        -0.00016260060326845835,
        0.05574857599940745,
        -0.9984448256338851,
        1.2567011377613735
      ],
      [
        0.0,
        0.0,
        0.0,
        1.0
      ]
    ]
  }
}