{
  "agentview": {
    "intrinsic": [
      [
        618.0386719675123,
        0.0,
        256.0
      ],
      [
        0.0,
        618.0386719675123,
        256.0
      ],
      [
        0.0,
        0.0,
        1.0
      ]
    ],
    "extrinsic": [
      [
        -7.268184498698815e-08,
        0.6282664504107425,
        -0.7779982437565529,
        0.6586131746834771
      ],
      [
        0.9999999999999858,
        -7.268184498698815e-08,
        -1.521152659944569e-07,
        0.0
      ],
      [
        -1.521152659944569e-07,
        -0.7779982437565529,
        -0.6282664504107283,
        1.6103500240372424
      ],
      [
        0.0,
        0.0,
        0.0,
        1.0
      ]
    ]
  },
  "robot0_eye_in_hand": {
    "intrinsic": [
      [
        333.6256954473487,
        0.0,
        256.0
      ],
      [
        0.0,
        333.6256954473487,
        256.0
      ],
      [
        0.0,
        0.0,
        1.0
      ]
    ],
    "extrinsic": [
      [
        0.00019741554408453377,
        -0.9983655879565534,
        -0.057149923983032674,
        -0.15687049039076983
      ],
      [
        -0.9999999803768864,
        -0.00019803772791776586,
        5.2233220760034005e-06,
        -0.02051850091171797
      ],
      [
        -1.6532626111769727e-05,
        0.05714992183040832,
        -0.9983656074612388,
        1.2667146246216185
      ],
      [
        0.0,
        0.0,
        0.0,
        1.0
      ]
    ]
  }
}