{
  "agentview": {
    "intrinsic": [
      [
        618.0386719675123,
        0.0,
        256.0
      ],
      [
        0.0,
        618.0386719675123,
        256.0
      ],
      [
        0.0,
        0.0,
        1.0
      ]
    ],
    "extrinsic": [
      [
        -7.268184498698815e-08,
        0.6282664504107425,
        -0.7779982437565529,
        0.6586131746834771
      ],
      [
        0.9999999999999858,
        -7.268184498698815e-08,
        -1.521152659944569e-07,
        0.0
      ],
      [
        -1.521152659944569e-07,
        -0.7779982437565529,
        -0.6282664504107283,
        1.6103500240372424
      ],
      [
        0.0,
        0.0,
        0.0,
        1.0
      ]
    ]
  },
  "robot0_eye_in_hand": {
    "intrinsic": [
      [
        333.6256954473487,
        0.0,
        256.0
      ],
      [
        0.0,
        333.6256954473487,
        256.0
      ],
      [
        0.0,
        0.0,
        1.0
      ]
    ],
    "extrinsic": [
      [
        0.0007222304432129567,
        -0.9984026363003887,
        -0.05649472729042625,
        -0.1613155808412887
      ],
      [
        -0.9999996539490009,
        -0.0007444034981201608,
        0.00037143681749441174,
        -0.011348090634843487
      ],
      [
        -0.0004128983704257856,
        0.05649443947739212,
        -0.9984028284330277,
        1.2602820081263495
      ],
      [
        0.0,
        0.0,
        0.0,
        1.0
      ]
    ]
  }
}