{
  "agentview": {
    "intrinsic": [
      [
        618.0386719675123,
        0.0,
        256.0
      ],
      [
        0.0,
        618.0386719675123,
        256.0
      ],
      [
        0.0,
        0.0,
        1.0
      ]
    ],
    "extrinsic": [
      [
        -7.268184498698815e-08,
        0.6282664504107425,
        -0.7779982437565529,
        0.6586131746834771
      ],
      [
        0.9999999999999858,
        -7.268184498698815e-08,
        -1.521152659944569e-07,
        0.0
      ],
      [
        -1.521152659944569e-07,
        -0.7779982437565529,
        -0.6282664504107283,
        1.6103500240372424
      ],
      [
        0.0,
        0.0,
        0.0,
        1.0
      ]
    ]
  },
  "robot0_eye_in_hand": {
    "intrinsic": [
      [
        333.6256954473487,
        0.0,
        256.0
      ],
      [
        0.0,
        333.6256954473487,
        256.0
      ],
      [
        0.0,
        0.0,
        1.0
      ]
    ],
    "extrinsic": [
      [
        0.0007933644880656066,
        -0.9984252196732384,
        -0.056093237500005104,
        -0.15668102004062742
      ],
      [
        -0.9999996160085096,
        -0.0008129949402945202,
        0.00032714225910690856,
        -0.004902556949406981
      ],
      [
        -0.00037223060018545806,
        0.05609295641762839,
        -0.9984254812877662,
        1.2721855878487818
      ],
      [
        0.0,
        0.0,
        0.0,
        1.0
      ]
    ]
  },
  "backview": {
    "intrinsic": [
      [
        618.0386719675123,
        0.0,
        256.0
      ],
      [
        0.0,
        618.0386719675123,
        256.0
      ],
      [
        0.0,
        0.0,
        1.0
      ]
    ],
    "extrinsic": [
      [
        -0.9659231408032516,
        0.0,
        0.2588290672640574,
        -0.4
      ],
      [
        -0.2588290672640574,
        0.0,
        -0.9659231408032516,
        1.07
      ],
      [
        0.0,
        -1.0,
        0.0,
        1.25
      ],
      [
        0.0,
        0.0,
        0.0,
        1.0
      ]
    ]
  }
}