{
  "agentview": {
    "intrinsic": [
      [
        618.0386719675123,
        0.0,
        256.0
      ],
      [
        0.0,
        618.0386719675123,
        256.0
      ],
      [
        0.0,
        0.0,
        1.0
      ]
    ],
    "extrinsic": [
      [
        -7.268184498698815e-08,
        0.6282664504107425,
        -0.7779982437565529,
        0.6586131746834771
      ],
      [
        0.9999999999999858,
        -7.268184498698815e-08,
        -1.521152659944569e-07,
        0.0
      ],
      [
        -1.521152659944569e-07,
        -0.7779982437565529,
        -0.6282664504107283,
        1.6103500240372424
      ],
      [
        0.0,
        0.0,
        0.0,
        1.0
      ]
    ]
  },
  "robot0_eye_in_hand": {
    "intrinsic": [
      [
        333.6256954473487,
        0.0,
        256.0
      ],
      [
        0.0,
        333.6256954473487,
        256.0
      ],
      [
        0.0,
        0.0,
        1.0
      ]
    ],
    "extrinsic": [
      [
        0.0004427552946282276,
        -0.9984096217943642,
        -0.05637402838347831,
        -0.1436508734337001
      ],
      [
        -0.9999998974925751,
        -0.000436708253203022,
        -0.00011958569435186264,
        -0.0007784064931468345
      ],
      [
        9.477650440849195e-05,
        0.05637407555192124,
        -0.9984097128048575,
        1.274140131938972
      ],
      [
        0.0,
        0.0,
        0.0,
        1.0
      ]
    ]
  }
}