{
  "agentview": {
    "intrinsic": [
      [
        618.0386719675123,
        0.0,
        256.0
      ],
      [
        0.0,
        618.0386719675123,
        256.0
      ],
      [
        0.0,
        0.0,
        1.0
      ]
    ],
    "extrinsic": [
      [
        -7.268184498698815e-08,
        0.6282664504107425,
        -0.7779982437565529,
        0.6586131746834771
      ],
      [
        0.9999999999999858,
        -7.268184498698815e-08,
        -1.521152659944569e-07,
        0.0
      ],
      [
        -1.521152659944569e-07,
        -0.7779982437565529,
        -0.6282664504107283,
        1.6103500240372424
      ],
      [
        0.0,
        0.0,
        0.0,
        1.0
      ]
    ]
  },
  "robot0_eye_in_hand": {
    "intrinsic": [
      [
        333.6256954473487,
        0.0,
        256.0
      ],
      [
        0.0,
        333.6256954473487,
        256.0
      ],
      [
        0.0,
        0.0,
        1.0
      ]
    ],
    "extrinsic": [
      [
        0.00013501848185687448,
        -0.9984104357001671,
        -0.0563611892618444,
        -0.15890745203261553
      ],
      [
        -0.9999999649637834,
        -0.00014763670165185427,
        0.00021971762231065908,
        -0.020700238495113887
      ],
      [
        -0.00022768934710598251,
        0.05636115762122183,
        -0.9984104206533275,
        1.2629639323898505
      ],
      [
        0.0,
        0.0,
        0.0,
        1.0
      ]
    ]
  }
}