{
  "agentview": {
    "intrinsic": [
      [
        618.0386719675123,
        0.0,
        256.0
      ],
      [
        0.0,
        618.0386719675123,
        256.0
      ],
      [
        0.0,
        0.0,
        1.0
      ]
    ],
    "extrinsic": [
      [
        -7.268184498698815e-08,
        0.6282664504107425,
        -0.7779982437565529,
        0.6586131746834771
      ],
      [
        0.9999999999999858,
        -7.268184498698815e-08,
        -1.521152659944569e-07,
        0.0
      ],
      [
        -1.521152659944569e-07,
        -0.7779982437565529,
        -0.6282664504107283,
        1.6103500240372424
      ],
      [
        0.0,
        0.0,
        0.0,
        1.0
      ]
    ]
  },
  "robot0_eye_in_hand": {
    "intrinsic": [
      [
        333.6256954473487,
        0.0,
        256.0
      ],
      [
        0.0,
        333.6256954473487,
        256.0
      ],
      [
        0.0,
        0.0,
        1.0
      ]
    ],
    "extrinsic": [
      [
        1.1389747510304193e-05,
        -0.9983400090951363,
        -0.057595365353409186,
        -0.14549491572623338
      ],
      [
        -0.9999999336060833,
        9.606693544605971e-06,
        -0.00036427398534747205,
        -0.001065467536787492
      ],
      [
        0.00036422259486945663,
        0.057595365678416124,
        -0.9983399427020172,
        1.2796876737402914
      ],
      [
        0.0,
        0.0,
        0.0,
        1.0
      ]
    ]
  },
  "backview": {
    "intrinsic": [
      [
        618.0386719675123,
        0.0,
        256.0
      ],
      [
        0.0,
        618.0386719675123,
        256.0
      ],
      [
        0.0,
        0.0,
        1.0
      ]
    ],
    "extrinsic": [
      [
        -0.9659231408032516,
        0.0,
        0.2588290672640574,
        -0.4
      ],
      [
        -0.2588290672640574,
        0.0,
        -0.9659231408032516,
        1.07
      ],
      [
        0.0,
        -1.0,
        0.0,
        1.25
      ],
      [
        0.0,
        0.0,
        0.0,
        1.0
      ]
    ]
  }
}