{
  "agentview": {
    "intrinsic": [
      [
        618.0386719675123,
        0.0,
        256.0
      ],
      [
        0.0,
        618.0386719675123,
        256.0
      ],
      [
        0.0,
        0.0,
        1.0
      ]
    ],
    "extrinsic": [
      [
        -7.268184498698815e-08,
        0.6282664504107425,
        -0.7779982437565529,
        0.6586131746834771
      ],
      [
        0.9999999999999858,
        -7.268184498698815e-08,
        -1.521152659944569e-07,
        0.0
      ],
      [
        -1.521152659944569e-07,
        -0.7779982437565529,
        -0.6282664504107283,
        1.6103500240372424
      ],
      [
        0.0,
        0.0,
        0.0,
        1.0
      ]
    ]
  },
  "robot0_eye_in_hand": {
    "intrinsic": [
      [
        333.6256954473487,
        0.0,
        256.0
      ],
      [
        0.0,
        333.6256954473487,
        256.0
      ],
      [
        0.0,
        0.0,
        1.0
      ]
    ],
    "extrinsic": [
      [
        0.0011201209885004504,
        -0.998419301349855,
        -0.05619291789038454,
        -0.15742040526402745
      ],
      [
        -0.9999993627032853,
        -0.0011262824805777782,
        7.797944820307073e-05,
        0.012801606679972412
      ],
      [
        -0.0001411452851470471,
        0.05619279473240606,
        -0.9984199266331613,
        1.2535853762718068
      ],
      [
        0.0,
        0.0,
        0.0,
        1.0
      ]
    ]
  },
  "backview": {
    "intrinsic": [
      [
        618.0386719675123,
        0.0,
        256.0
      ],
      [
        0.0,
        618.0386719675123,
        256.0
      ],
      [
        0.0,
        0.0,
        1.0
      ]
    ],
    "extrinsic": [
      [
        -0.9659231408032516,
        0.0,
        0.2588290672640574,
        -0.4
      ],
      [
        -0.2588290672640574,
        0.0,
        -0.9659231408032516,
        1.07
      ],
      [
        0.0,
        -1.0,
        0.0,
        1.25
      ],
      [
        0.0,
        0.0,
        0.0,
        1.0
      ]
    ]
  }
}