{
  "agentview": {
    "intrinsic": [
      [
        618.0386719675123,
        0.0,
        256.0
      ],
      [
        0.0,
        618.0386719675123,
        256.0
      ],
      [
        0.0,
        0.0,
        1.0
      ]
    ],
    "extrinsic": [
      [
        -7.268184498698815e-08,
        0.6282664504107425,
        -0.7779982437565529,
        0.6586131746834771
      ],
      [
        0.9999999999999858,
        -7.268184498698815e-08,
        -1.521152659944569e-07,
        0.0
      ],
      [
        -1.521152659944569e-07,
        -0.7779982437565529,
        -0.6282664504107283,
        1.6103500240372424
      ],
      [
        0.0,
        0.0,
        0.0,
        1.0
      ]
    ]
  },
  "robot0_eye_in_hand": {
    "intrinsic": [
      [
        333.6256954473487,
        0.0,
        256.0
      ],
      [
        0.0,
        333.6256954473487,
        256.0
      ],
      [
        0.0,
        0.0,
        1.0
      ]
    ],
    "extrinsic": [
      [
        0.0010433746350261286,
        -0.9983722052378725,
        -0.05702500484731842,
        -0.14482041797916423
      ],
      [
        -0.9999993557581965,
        -0.0010671696815532927,
        0.00038682303585467134,
        0.004582669246898765
      ],
      [
        -0.0004470487236065204,
        0.057024564508082645,
        -0.9983726755025404,
        1.2683693349815899
      ],
      [
        0.0,
        0.0,
        0.0,
        1.0
      ]
    ]
  }
}