{
  "agentview": {
    "intrinsic": [
      [
        618.0386719675123,
        0.0,
        256.0
      ],
      [
        0.0,
        618.0386719675123,
        256.0
      ],
      [
        0.0,
        0.0,
        1.0
      ]
    ],
    "extrinsic": [
      [
        -7.268184498698815e-08,
        0.6282664504107425,
        -0.7779982437565529,
        0.6586131746834771
      ],
      [
        0.9999999999999858,
        -7.268184498698815e-08,
        -1.521152659944569e-07,
        0.0
      ],
      [
        -1.521152659944569e-07,
        -0.7779982437565529,
        -0.6282664504107283,
        1.6103500240372424
      ],
      [
        0.0,
        0.0,
        0.0,
        1.0
      ]
    ]
  },
  "robot0_eye_in_hand": {
    "intrinsic": [
      [
        333.6256954473487,
        0.0,
        256.0
      ],
      [
        0.0,
        333.6256954473487,
        256.0
      ],
      [
        0.0,
        0.0,
        1.0
      ]
    ],
    "extrinsic": [
      [
        0.00042944055373994594,
        -0.9984218876089659,
        -0.056156477134505375,
        -0.1502035599073569
      ],
      [
        -0.9999998102748122,
        -0.00040396283211235895,
        -0.0004650423287822017,
        -0.008650985816378319
      ],
      [
        0.00044162331017609177,
        0.05615666618824245,
        -0.9984218716612092,
        1.2705690824278426
      ],
      [
        0.0,
        0.0,
        0.0,
        1.0
      ]
    ]
  }
}