{
  "agentview": {
    "intrinsic": [
      [
        618.0386719675123,
        0.0,
        256.0
      ],
      [
        0.0,
        618.0386719675123,
        256.0
      ],
      [
        0.0,
        0.0,
        1.0
      ]
    ],
    "extrinsic": [
      [
        -7.268184498698815e-08,
        0.6282664504107425,
        -0.7779982437565529,
        0.6586131746834771
      ],
      [
        0.9999999999999858,
        -7.268184498698815e-08,
        -1.521152659944569e-07,
        0.0
      ],
      [
        -1.521152659944569e-07,
        -0.7779982437565529,
        -0.6282664504107283,
        1.6103500240372424
      ],
      [
        0.0,
        0.0,
        0.0,
        1.0
      ]
    ]
  },
  "robot0_eye_in_hand": {
    "intrinsic": [
      [
        333.6256954473487,
        0.0,
        256.0
      ],
      [
        0.0,
        333.6256954473487,
        256.0
      ],
      [
        0.0,
        0.0,
        1.0
      ]
    ],
    "extrinsic": [
      [
        -0.00021141155137827106,
        -0.9983478614926011,
        -0.05745870480879769,
        -0.15150140841211548
      ],
      [
        -0.9999999517988507,
        0.0001979965775286141,
        0.00023916448299922052,
        -0.004870461792581107
      ],
      [
        -0.00022739272324588666,
        0.05745875260135651,
        -0.9983478552298513,
        1.2693060346697427
      ],
      [
        0.0,
        0.0,
        0.0,
        1.0
      ]
    ]
  }
}