{
  "agentview": {
    "intrinsic": [
      [
        618.0386719675123,
        0.0,
        256.0
      ],
      [
        0.0,
        618.0386719675123,
        256.0
      ],
      [
        0.0,
        0.0,
        1.0
      ]
    ],
    "extrinsic": [
      [
        -7.268184498698815e-08,
        0.6282664504107425,
        -0.7779982437565529,
        0.6586131746834771
      ],
      [
        0.9999999999999858,
        -7.268184498698815e-08,
        -1.521152659944569e-07,
        0.0
      ],
      [
        -1.521152659944569e-07,
        -0.7779982437565529,
        -0.6282664504107283,
        1.6103500240372424
      ],
      [
        0.0,
        0.0,
        0.0,
        1.0
      ]
    ]
  },
  "robot0_eye_in_hand": {
    "intrinsic": [
      [
        333.6256954473487,
        0.0,
        256.0
      ],
      [
        0.0,
        333.6256954473487,
        256.0
      ],
      [
        0.0,
        0.0,
        1.0
      ]
    ],
    "extrinsic": [
      [
        0.001382720147665495,
        -0.998342459701938,
        -0.057536260230163325,
        -0.16088698037626753
      ],
      [
        -0.9999990295884337,
        -0.0013706471351419003,
        -0.00024929624413452117,
        -0.0008008393518837227
      ],
      [
        0.0001700211153124638,
        0.057536549103250546,
        -0.9983433861202793,
        1.2620665176053478
      ],
      [
        0.0,
        0.0,
        0.0,
        1.0
      ]
    ]
  }
}