{
  "active_obstacle": {
    "name": "white_storage_box_obstacle_1",
    "position": [
      -0.27519392229726775,
      0.14758872940181444,
      0.9582963685750799
    ],
    "quaternion": [
      0.7071067811865477,
      -1.2901456382195882e-11,
      -1.2901495660252698e-11,
      0.7071067811865472
    ]
  },
  "all_obstacles": {
    "moka_pot_obstacle_1": {
      "position": [
        -9.999988637907336,
        -0.001310999918284562,
        0.10577777419768673
      ],
      "quaternion": [
        -1.4291829000926923e-06,
        -6.147296962950983e-08,
        -2.5113448882668274e-07,
        0.9999999999989457
      ]
    },
    "white_storage_box_obstacle_1": {
      "position": [
        -0.27519392229726775,
        0.14758872940181444,
        0.9582963685750799
      ],
      "quaternion": [
        0.7071067811865477,
        -1.2901456382195882e-11,
        -1.2901495660252698e-11,
        0.7071067811865472
      ]
    },
    "milk_obstacle_1": {
      "position": [
        7.928029285557569e-05,
        -9.999989418053188,
        0.19449237015816082
      ],
      "quaternion": [
        0.7071080849049011,
        -7.850429599604727e-05,
        7.852685496431077e-05,
        0.7071054687475788
      ]
    },
    "wine_bottle_obstacle_1": {
      "position": [
        -7.5428488783134e-09,
        9.999999881073853,
        -0.0018877546812306563
      ],
      "quaternion": [
        -1.8780940273363347e-05,
        2.1334141181335434e-05,
        0.707106780872643,
        0.7071067809292022
      ]
    },
    "red_coffee_mug_obstacle_1": {
      "position": [
        20.000000001459952,
        2.5696828405620798e-08,
        0.0018345553003131301
      ],
      "quaternion": [
        -5.805344148000242e-06,
        6.549903534385818e-06,
        0.7071067811583506,
        0.7071067811605782
      ]
    },
    "yellow_book_obstacle_1": {
      "position": [
        -19.999999993693603,
        1.0378717203716518e-07,
        -0.002184522581391894
      ],
      "quaternion": [
        5.305955218467509e-17,
        2.1174361532997243e-18,
        1.0501795971810602e-12,
        1.0
      ]
    }
  }
}