{
  "active_obstacle": {
    "name": "red_coffee_mug_obstacle_1",
    "position": [
      -0.05033090198462855,
      -0.17930614261428263,
      1.1298290205033668
    ],
    "quaternion": [
      -3.9179215743765423e-07,
      -7.354443912980262e-07,
      0.703258439045466,
      0.710934292259588
    ]
  },
  "all_obstacles": {
    "moka_pot_obstacle_1": {
      "position": [
        -9.999988637907336,
        -0.001310999918284562,
        0.10577777419768673
      ],
      "quaternion": [
        -1.4291829000926923e-06,
        -6.147296962950983e-08,
        -2.5113448882668274e-07,
        0.9999999999989457
      ]
    },
    "white_storage_box_obstacle_1": {
      "position": [
        10.000002229198568,
        -0.00031841069742806016,
        0.05829636857508027
      ],
      "quaternion": [
        0.7071067811865387,
        -1.1501128340648433e-07,
        -1.1501128338944777e-07,
        0.707106781186538
      ]
    },
    "milk_obstacle_1": {
      "position": [
        7.928029285557569e-05,
        -9.999989418053188,
        0.19449237015816082
      ],
      "quaternion": [
        0.7071080849049011,
        -7.850429599604727e-05,
        7.852685496431077e-05,
        0.7071054687475788
      ]
    },
    "wine_bottle_obstacle_1": {
      "position": [
        -7.542848878918852e-09,
        9.999999881073853,
        -0.001887754681230656
      ],
      "quaternion": [
        -1.8780940273379346e-05,
        2.1334141181338812e-05,
        0.707106780872643,
        0.7071067809292022
      ]
    },
    "red_coffee_mug_obstacle_1": {
      "position": [
        -0.05033090198462855,
        -0.17930614261428263,
        1.1298290205033668
      ],
      "quaternion": [
        -3.9179215743765423e-07,
        -7.354443912980262e-07,
        0.703258439045466,
        0.710934292259588
      ]
    },
    "yellow_book_obstacle_1": {
      "position": [
        -19.999999993693603,
        1.0378717203764419e-07,
        -0.002184522581391894
      ],
      "quaternion": [
        5.681141292505017e-17,
        1.5053556127944103e-17,
        1.0501790139286252e-12,
        1.0
      ]
    }
  }
}