{
  "agentview": {
    "intrinsic": [
      [
        618.0386719675123,
        0.0,
        256.0
      ],
      [
        0.0,
        618.0386719675123,
        256.0
      ],
      [
        0.0,
        0.0,
        1.0
      ]
    ],
    "extrinsic": [
      [
        -7.268184498698815e-08,
        0.6282664504107425,
        -0.7779982437565529,
        0.6586131746834771
      ],
      [
        0.9999999999999858,
        -7.268184498698815e-08,
        -1.521152659944569e-07,
        0.0
      ],
      [
        -1.521152659944569e-07,
        -0.7779982437565529,
        -0.6282664504107283,
        1.6103500240372424
      ],
      [
        0.0,
        0.0,
        0.0,
        1.0
      ]
    ]
  },
  "robot0_eye_in_hand": {
    "intrinsic": [
      [
        333.6256954473487,
        0.0,
        256.0
      ],
      [
        0.0,
        333.6256954473487,
        256.0
      ],
      [
        0.0,
        0.0,
        1.0
      ]
    ],
    "extrinsic": [
      [
        0.000679068718962561,
        -0.998348265186095,
        -0.05744806581239789,
        -0.14943551684417744
      ],
      [
        -0.9999997163238258,
        -0.0006966701594177671,
        0.0002863615772264877,
        0.007108066920645864
      ],
      [
        -0.00032591093700778256,
        0.057447855056561074,
        -0.9983484550653933,
        1.2607630751266374
      ],
      [
        0.0,
        0.0,
        0.0,
        1.0
      ]
    ]
  }
}