{
  "agentview": {
    "intrinsic": [
      [
        618.0386719675123,
        0.0,
        256.0
      ],
      [
        0.0,
        618.0386719675123,
        256.0
      ],
      [
        0.0,
        0.0,
        1.0
      ]
    ],
    "extrinsic": [
      [
        -7.268184498698815e-08,
        0.6282664504107425,
        -0.7779982437565529,
        0.6586131746834771
      ],
      [
        0.9999999999999858,
        -7.268184498698815e-08,
        -1.521152659944569e-07,
        0.0
      ],
      [
        -1.521152659944569e-07,
        -0.7779982437565529,
        -0.6282664504107283,
        1.6103500240372424
      ],
      [
        0.0,
        0.0,
        0.0,
        1.0
      ]
    ]
  },
  "robot0_eye_in_hand": {
    "intrinsic": [
      [
        333.6256954473487,
        0.0,
        256.0
      ],
      [
        0.0,
        333.6256954473487,
        256.0
      ],
      [
        0.0,
        0.0,
        1.0
      ]
    ],
    "extrinsic": [
      [
        -4.730916527995177e-05,
        -0.9983801032581434,
        -0.05689610865514677,
        -0.16091884159833
      ],
      [
        -0.9999999277119811,
        6.869811449194962e-05,
        -0.00037397406049458765,
        0.007629072895763603
      ],
      [
        0.00037727691651899195,
        0.05689608684983925,
        -0.9983800343372758,
        1.2629562060985486
      ],
      [
        0.0,
        0.0,
        0.0,
        1.0
      ]
    ]
  }
}