{
  "agentview": {
    "intrinsic": [
      [
        618.0386719675123,
        0.0,
        256.0
      ],
      [
        0.0,
        618.0386719675123,
        256.0
      ],
      [
        0.0,
        0.0,
        1.0
      ]
    ],
    "extrinsic": [
      [
        -7.268184498698815e-08,
        0.6282664504107425,
        -0.7779982437565529,
        0.6586131746834771
      ],
      [
        0.9999999999999858,
        -7.268184498698815e-08,
        -1.521152659944569e-07,
        0.0
      ],
      [
        -1.521152659944569e-07,
        -0.7779982437565529,
        -0.6282664504107283,
        1.6103500240372424
      ],
      [
        0.0,
        0.0,
        0.0,
        1.0
      ]
    ]
  },
  "robot0_eye_in_hand": {
    "intrinsic": [
      [
        333.6256954473487,
        0.0,
        256.0
      ],
      [
        0.0,
        333.6256954473487,
        256.0
      ],
      [
        0.0,
        0.0,
        1.0
      ]
    ],
    "extrinsic": [
      [
        0.0008959155595462676,
        -0.9983715158551624,
        -0.057039579805371214,
        -0.16282657881952842
      ],
      [
        -0.9999995898757909,
        -0.0008868933003249868,
        -0.00018348984158024842,
        -0.007366774537898931
      ],
      [
        0.00013260301009975634,
        0.0570397208034628,
        -0.9983719009803425,
        1.2610402333154327
      ],
      [
        0.0,
        0.0,
        0.0,
        1.0
      ]
    ]
  }
}