{
  "agentview": {
    "intrinsic": [
      [
        618.0386719675123,
        0.0,
        256.0
      ],
      [
        0.0,
        618.0386719675123,
        256.0
      ],
      [
        0.0,
        0.0,
        1.0
      ]
    ],
    "extrinsic": [
      [
        -7.268184498698815e-08,
        0.6282664504107425,
        -0.7779982437565529,
        0.6586131746834771
      ],
      [
        0.9999999999999858,
        -7.268184498698815e-08,
        -1.521152659944569e-07,
        0.0
      ],
      [
        -1.521152659944569e-07,
        -0.7779982437565529,
        -0.6282664504107283,
        1.6103500240372424
      ],
      [
        0.0,
        0.0,
        0.0,
        1.0
      ]
    ]
  },
  "robot0_eye_in_hand": {
    "intrinsic": [
      [
        333.6256954473487,
        0.0,
        256.0
      ],
      [
        0.0,
        333.6256954473487,
        256.0
      ],
      [
        0.0,
        0.0,
        1.0
      ]
    ],
    "extrinsic": [
      [
        0.0009732992760044801,
        -0.9983446518354104,
        -0.05750659823141971,
        -0.15761085535130848
      ],
      [
        -0.9999994723276211,
        -0.0009905900358550546,
        0.000272168803535134,
        -0.00316849546996933
      ],
      [
        -0.0003286837326097018,
        0.05750630298507686,
        -0.9983450891770791,
        1.259948468362823
      ],
      [
        0.0,
        0.0,
        0.0,
        1.0
      ]
    ]
  }
}