{
  "agentview": {
    "intrinsic": [
      [
        618.0386719675123,
        0.0,
        256.0
      ],
      [
        0.0,
        618.0386719675123,
        256.0
      ],
      [
        0.0,
        0.0,
        1.0
      ]
    ],
    "extrinsic": [
      [
        -7.268184498698815e-08,
        0.6282664504107425,
        -0.7779982437565529,
        0.6586131746834771
      ],
      [
        0.9999999999999858,
        -7.268184498698815e-08,
        -1.521152659944569e-07,
        0.0
      ],
      [
        -1.521152659944569e-07,
        -0.7779982437565529,
        -0.6282664504107283,
        1.6103500240372424
      ],
      [
        0.0,
        0.0,
        0.0,
        1.0
      ]
    ]
  },
  "robot0_eye_in_hand": {
    "intrinsic": [
      [
        333.6256954473487,
        0.0,
        256.0
      ],
      [
        0.0,
        333.6256954473487,
        256.0
      ],
      [
        0.0,
        0.0,
        1.0
      ]
    ],
    "extrinsic": [
      [
        0.0007024282071881882,
        -0.9984108886025634,
        -0.05634894954168685,
        -0.1620086258161435
      ],
      [
        -0.9999996757750887,
        -0.0007234998758618438,
        0.0003535500605000297,
        0.0095335685855157
      ],
      [
        -0.00039375668806768127,
        0.05634868292841859,
        -0.9984110730996033,
        1.2575101353829654
      ],
      [
        0.0,
        0.0,
        0.0,
        1.0
      ]
    ]
  }
}