{
  "agentview": {
    "intrinsic": [
      [
        618.0386719675123,
        0.0,
        256.0
      ],
      [
        0.0,
        618.0386719675123,
        256.0
      ],
      [
        0.0,
        0.0,
        1.0
      ]
    ],
    "extrinsic": [
      [
        -7.268184498698815e-08,
        0.6282664504107425,
        -0.7779982437565529,
        0.6586131746834771
      ],
      [
        0.9999999999999858,
        -7.268184498698815e-08,
        -1.521152659944569e-07,
        0.0
      ],
      [
        -1.521152659944569e-07,
        -0.7779982437565529,
        -0.6282664504107283,
        1.6103500240372424
      ],
      [
        0.0,
        0.0,
        0.0,
        1.0
      ]
    ]
  },
  "robot0_eye_in_hand": {
    "intrinsic": [
      [
        333.6256954473487,
        0.0,
        256.0
      ],
      [
        0.0,
        333.6256954473487,
        256.0
      ],
      [
        0.0,
        0.0,
        1.0
      ]
    ],
    "extrinsic": [
      [
        0.0004385085049921078,
        -0.9983536908843442,
        -0.05735604247064825,
        -0.1528335525857745
      ],
      [
        -0.9999998626448738,
        -0.0004542529431814102,
        0.00026146604635797835,
        0.002679240176111806
      ],
      [
        -0.000287089743523955,
        0.057355919937416816,
        -0.9983537529491278,
        1.2584280618381432
      ],
      [
        0.0,
        0.0,
        0.0,
        1.0
      ]
    ]
  }
}