{
  "agentview": {
    "intrinsic": [
      [
        618.0386719675123,
        0.0,
        256.0
      ],
      [
        0.0,
        618.0386719675123,
        256.0
      ],
      [
        0.0,
        0.0,
        1.0
      ]
    ],
    "extrinsic": [
      [
        -7.268184498698815e-08,
        0.6282664504107425,
        -0.7779982437565529,
        0.6586131746834771
      ],
      [
        0.9999999999999858,
        -7.268184498698815e-08,
        -1.521152659944569e-07,
        0.0
      ],
      [
        -1.521152659944569e-07,
        -0.7779982437565529,
        -0.6282664504107283,
        1.6103500240372424
      ],
      [
        0.0,
        0.0,
        0.0,
        1.0
      ]
    ]
  },
  "robot0_eye_in_hand": {
    "intrinsic": [
      [
        333.6256954473487,
        0.0,
        256.0
      ],
      [
        0.0,
        333.6256954473487,
        256.0
      ],
      [
        0.0,
        0.0,
        1.0
      ]
    ],
    "extrinsic": [
      [
        -1.220326482143097e-05,
        -0.9983516622382931,
        -0.05739301662322453,
        -0.1518737661995279
      ],
      [
        -0.9999999334306586,
        3.3113096715498e-05,
        -0.00036337611029597927,
        -6.708928865418417e-05
      ],
      [
        0.00036467760424191073,
        0.05739300836823442,
        -0.9983515961827703,
        1.269905620674612
      ],
      [
        0.0,
        0.0,
        0.0,
        1.0
      ]
    ]
  }
}