{
  "agentview": {
    "intrinsic": [
      [
        618.0386719675123,
        0.0,
        256.0
      ],
      [
        0.0,
        618.0386719675123,
        256.0
      ],
      [
        0.0,
        0.0,
        1.0
      ]
    ],
    "extrinsic": [
      [
        -7.268184498698815e-08,
        0.6282664504107425,
        -0.7779982437565529,
        0.6586131746834771
      ],
      [
        0.9999999999999858,
        -7.268184498698815e-08,
        -1.521152659944569e-07,
        0.0
      ],
      [
        -1.521152659944569e-07,
        -0.7779982437565529,
        -0.6282664504107283,
        1.6103500240372424
      ],
      [
        0.0,
        0.0,
        0.0,
        1.0
      ]
    ]
  },
  "robot0_eye_in_hand": {
    "intrinsic": [
      [
        333.6256954473487,
        0.0,
        256.0
      ],
      [
        0.0,
        333.6256954473487,
        256.0
      ],
      [
        0.0,
        0.0,
        1.0
      ]
    ],
    "extrinsic": [
      [
        0.0007801815422409653,
        -0.9983488498607224,
        -0.05743661983902154,
        -0.14871926344329794
      ],
      [
        -0.9999996202027525,
        -0.0008012061013235039,
        0.0003430206004955069,
        -0.00028355849012940126
      ],
      [
        -0.00038847279223764783,
        0.05743633040641035,
        -0.9983490957767898,
        1.270138952162339
      ],
      [
        0.0,
        0.0,
        0.0,
        1.0
      ]
    ]
  }
}