{
  "agentview": {
    "intrinsic": [
      [
        618.0386719675123,
        0.0,
        256.0
      ],
      [
        0.0,
        618.0386719675123,
        256.0
      ],
      [
        0.0,
        0.0,
        1.0
      ]
    ],
    "extrinsic": [
      [
        -7.268184498698815e-08,
        0.6282664504107425,
        -0.7779982437565529,
        0.6586131746834771
      ],
      [
        0.9999999999999858,
        -7.268184498698815e-08,
        -1.521152659944569e-07,
        0.0
      ],
      [
        -1.521152659944569e-07,
        -0.7779982437565529,
        -0.6282664504107283,
        1.6103500240372424
      ],
      [
        0.0,
        0.0,
        0.0,
        1.0
      ]
    ]
  },
  "robot0_eye_in_hand": {
    "intrinsic": [
      [
        333.6256954473487,
        0.0,
        256.0
      ],
      [
        0.0,
        333.6256954473487,
        256.0
      ],
      [
        0.0,
        0.0,
        1.0
      ]
    ],
    "extrinsic": [
      [
        0.0007198732546343511,
        -0.9984230084300876,
        -0.056133573019254826,
        -0.15531421058197248
      ],
      [
        -0.999999707538517,
        -0.0007332360236987356,
        0.00021745760896590277,
        0.01761105821049253
      ],
      [
        -0.00025827383802639117,
        0.05613340006043017,
        -0.9984232442668179,
        1.2754147054451621
      ],
      [
        0.0,
        0.0,
        0.0,
        1.0
      ]
    ]
  }
}