{
  "agentview": {
    "intrinsic": [
      [
        618.0386719675123,
        0.0,
        256.0
      ],
      [
        0.0,
        618.0386719675123,
        256.0
      ],
      [
        0.0,
        0.0,
        1.0
      ]
    ],
    "extrinsic": [
      [
        -7.268184498698815e-08,
        0.6282664504107425,
        -0.7779982437565529,
        0.6586131746834771
      ],
      [
        0.9999999999999858,
        -7.268184498698815e-08,
        -1.521152659944569e-07,
        0.0
      ],
      [
        -1.521152659944569e-07,
        -0.7779982437565529,
        -0.6282664504107283,
        1.6103500240372424
      ],
      [
        0.0,
        0.0,
        0.0,
        1.0
      ]
    ]
  },
  "robot0_eye_in_hand": {
    "intrinsic": [
      [
        333.6256954473487,
        0.0,
        256.0
      ],
      [
        0.0,
        333.6256954473487,
        256.0
      ],
      [
        0.0,
        0.0,
        1.0
      ]
    ],
    "extrinsic": [
      [
        0.0006854034041091084,
        -0.9984153261540548,
        -0.0562704782533748,
        -0.14737483220240324
      ],
      [
        -0.9999997404752513,
        -0.00067182692655815,
        -0.0002601884093716769,
        0.01118466693838667
      ],
      [
        0.0002219720731434019,
        0.05627064198381463,
        -0.9984155275130318,
        1.2749295430395502
      ],
      [
        0.0,
        0.0,
        0.0,
        1.0
      ]
    ]
  }
}