{
  "active_obstacle": {
    "name": "yellow_book_obstacle_1",
    "position": [
      -0.050001675323011495,
      -0.1799586024806271,
      1.1258199297412421
    ],
    "quaternion": [
      4.367664882890602e-09,
      -5.070324160916009e-07,
      1.2958540521446063e-07,
      0.9999999999998621
    ]
  },
  "all_obstacles": {
    "moka_pot_obstacle_1": {
      "position": [
        -9.999988637907336,
        -0.001310999918284562,
        0.10577777419768673
      ],
      "quaternion": [
        -1.4291829000926923e-06,
        -6.147296962950983e-08,
        -2.5113448882668274e-07,
        0.9999999999989457
      ]
    },
    "white_storage_box_obstacle_1": {
      "position": [
        10.000002229198568,
        -0.00031841069742806016,
        0.05829636857508027
      ],
      "quaternion": [
        0.7071067811865387,
        -1.1501128340648433e-07,
        -1.1501128338944777e-07,
        0.707106781186538
      ]
    },
    "milk_obstacle_1": {
      "position": [
        7.928029285557569e-05,
        -9.999989418053188,
        0.19449237015816082
      ],
      "quaternion": [
        0.7071080849049011,
        -7.850429599604727e-05,
        7.852685496431077e-05,
        0.7071054687475788
      ]
    },
    "wine_bottle_obstacle_1": {
      "position": [
        -7.54284887712325e-09,
        9.999999881073853,
        -0.0018877546812306558
      ],
      "quaternion": [
        -1.8780940273356273e-05,
        2.1334141181334248e-05,
        0.707106780872643,
        0.7071067809292022
      ]
    },
    "red_coffee_mug_obstacle_1": {
      "position": [
        20.000000001459952,
        2.569682839594108e-08,
        0.00183455530031313
      ],
      "quaternion": [
        -5.805344147999974e-06,
        6.549903534386097e-06,
        0.7071067811583506,
        0.7071067811605782
      ]
    },
    "yellow_book_obstacle_1": {
      "position": [
        -0.050001675323011495,
        -0.1799586024806271,
        1.1258199297412421
      ],
      "quaternion": [
        4.367664882890602e-09,
        -5.070324160916009e-07,
        1.2958540521446063e-07,
        0.9999999999998621
      ]
    }
  }
}