{
  "active_obstacle": {
    "name": "yellow_book_obstacle_1",
    "position": [
      -0.04757613759483159,
      0.07479807214974044,
      0.8978154774186078
    ],
    "quaternion": [
      9.76470295452234e-18,
      -4.0929341948310986e-20,
      7.889563365791028e-10,
      0.9999999999999997
    ]
  },
  "all_obstacles": {
    "moka_pot_obstacle_1": {
      "position": [
        -10.000011362092664,
        0.0013109999182852837,
        0.10577777419768651
      ],
      "quaternion": [
        6.14729696356348e-08,
        -1.4291829000897578e-06,
        0.9999999999989446,
        2.5113448937836615e-07
      ]
    },
    "white_storage_box_obstacle_1": {
      "position": [
        10.000002229198568,
        -0.00031841069742806016,
        0.05829636857508027
      ],
      "quaternion": [
        0.7071067811865387,
        -1.1501128340648433e-07,
        -1.1501128338944777e-07,
        0.707106781186538
      ]
    },
    "milk_obstacle_1": {
      "position": [
        7.928029285557569e-05,
        -9.999989418053188,
        0.19449237015816082
      ],
      "quaternion": [
        0.7071080849049011,
        -7.850429599604727e-05,
        7.852685496431077e-05,
        0.7071054687475788
      ]
    },
    "wine_bottle_obstacle_1": {
      "position": [
        -7.5428488783134e-09,
        9.999999881073853,
        -0.0018877546812306563
      ],
      "quaternion": [
        -1.8780940273363347e-05,
        2.1334141181335434e-05,
        0.707106780872643,
        0.7071067809292022
      ]
    },
    "red_coffee_mug_obstacle_1": {
      "position": [
        19.999999998540048,
        -2.5696828405908766e-08,
        0.0018345553003131301
      ],
      "quaternion": [
        6.549903534383637e-06,
        5.805344147995006e-06,
        -0.7071067811605782,
        0.7071067811583506
      ]
    },
    "yellow_book_obstacle_1": {
      "position": [
        -0.04757613759483159,
        0.07479807214974044,
        0.8978154774186078
      ],
      "quaternion": [
        9.76470295452234e-18,
        -4.0929341948310986e-20,
        7.889563365791028e-10,
        0.9999999999999997
      ]
    }
  }
}