{
  "agentview": {
    "intrinsic": [
      [
        618.0386719675123,
        0.0,
        256.0
      ],
      [
        0.0,
        618.0386719675123,
        256.0
      ],
      [
        0.0,
        0.0,
        1.0
      ]
    ],
    "extrinsic": [
      [
        -7.268184498698815e-08,
        0.6282664504107425,
        -0.7779982437565529,
        0.6586131746834771
      ],
      [
        0.9999999999999858,
        -7.268184498698815e-08,
        -1.521152659944569e-07,
        0.0
      ],
      [
        -1.521152659944569e-07,
        -0.7779982437565529,
        -0.6282664504107283,
        1.6103500240372424
      ],
      [
        0.0,
        0.0,
        0.0,
        1.0
      ]
    ]
  },
  "robot0_eye_in_hand": {
    "intrinsic": [
      [
        333.6256954473487,
        0.0,
        256.0
      ],
      [
        0.0,
        333.6256954473487,
        256.0
      ],
      [
        0.0,
        0.0,
        1.0
      ]
    ],
    "extrinsic": [
      [
        -3.405559267893876e-05,
        -0.9984029100881033,
        -0.0564944950222665,
        -0.14571118505039748
      ],
      [
        -0.99999991536014,
        5.716531584926132e-05,
        -0.00040744550233625873,
        -0.014934495493652174
      ],
      [
        0.00041002430088652245,
        0.056494476364782345,
        -0.9984028275302206,
        1.2707362043593124
      ],
      [
        0.0,
        0.0,
        0.0,
        1.0
      ]
    ]
  }
}