{
  "agentview": {
    "intrinsic": [
      [
        618.0386719675123,
        0.0,
        256.0
      ],
      [
        0.0,
        618.0386719675123,
        256.0
      ],
      [
        0.0,
        0.0,
        1.0
      ]
    ],
    "extrinsic": [
      [
        -7.268184498698815e-08,
        0.6282664504107425,
        -0.7779982437565529,
        0.6586131746834771
      ],
      [
        0.9999999999999858,
        -7.268184498698815e-08,
        -1.521152659944569e-07,
        0.0
      ],
      [
        -1.521152659944569e-07,
        -0.7779982437565529,
        -0.6282664504107283,
        1.6103500240372424
      ],
      [
        0.0,
        0.0,
        0.0,
        1.0
      ]
    ]
  },
  "robot0_eye_in_hand": {
    "intrinsic": [
      [
        333.6256954473487,
        0.0,
        256.0
      ],
      [
        0.0,
        333.6256954473487,
        256.0
      ],
      [
        0.0,
        0.0,
        1.0
      ]
    ],
    "extrinsic": [
      [
        0.0005190583735057985,
        -0.9984452216745331,
        -0.05573930295307755,
        -0.170260898396756
      ],
      [
        -0.9999998644579987,
        -0.0005205240466429895,
        1.1777039737825151e-05,
        0.0033450268006668354
      ],
      [
        -4.077237658189903e-05,
        0.05573928928508985,
        -0.9984453565256357,
        1.2513932380446915
      ],
      [
        0.0,
        0.0,
        0.0,
        1.0
      ]
    ]
  }
}