{
  "agentview": {
    "intrinsic": [
      [
        618.0386719675123,
        0.0,
        256.0
      ],
      [
        0.0,
        618.0386719675123,
        256.0
      ],
      [
        0.0,
        0.0,
        1.0
      ]
    ],
    "extrinsic": [
      [
        -7.268184498698815e-08,
        0.6282664504107425,
        -0.7779982437565529,
        0.6586131746834771
      ],
      [
        0.9999999999999858,
        -7.268184498698815e-08,
        -1.521152659944569e-07,
        0.0
      ],
      [
        -1.521152659944569e-07,
        -0.7779982437565529,
        -0.6282664504107283,
        1.6103500240372424
      ],
      [
        0.0,
        0.0,
        0.0,
        1.0
      ]
    ]
  },
  "robot0_eye_in_hand": {
    "intrinsic": [
      [
        333.6256954473487,
        0.0,
        256.0
      ],
      [
        0.0,
        333.6256954473487,
        256.0
      ],
      [
        0.0,
        0.0,
        1.0
      ]
    ],
    "extrinsic": [
      [
        0.0007925631893067053,
        -0.9983751479637238,
        -0.056977502332074416,
        -0.15670001468484435
      ],
      [
        -0.9999995838100292,
        -0.0008170243230879448,
        0.0004060184995171093,
        0.0050466945709450916
      ],
      [
        -0.00045191078480551206,
        0.056977156823292546,
        -0.9983753799934043,
        1.2611501547389672
      ],
      [
        0.0,
        0.0,
        0.0,
        1.0
      ]
    ]
  },
  "backview": {
    "intrinsic": [
      [
        618.0386719675123,
        0.0,
        256.0
      ],
      [
        0.0,
        618.0386719675123,
        256.0
      ],
      [
        0.0,
        0.0,
        1.0
      ]
    ],
    "extrinsic": [
      [
        -0.9659231408032516,
        0.0,
        0.2588290672640574,
        -0.4
      ],
      [
        -0.2588290672640574,
        0.0,
        -0.9659231408032516,
        1.07
      ],
      [
        0.0,
        -1.0,
        0.0,
        1.25
      ],
      [
        0.0,
        0.0,
        0.0,
        1.0
      ]
    ]
  }
}