{
  "active_obstacle": {
    "name": "moka_pot_obstacle_1",
    "position": [
      -0.08000027259923993,
      0.2500234822853772,
      1.005777926937683
    ],
    "quaternion": [
      -1.4406353801994155e-06,
      -6.483650773495041e-08,
      1.90665041988905e-08,
      0.9999999999989599
    ]
  },
  "all_obstacles": {
    "moka_pot_obstacle_1": {
      "position": [
        -0.08000027259923993,
        0.2500234822853772,
        1.005777926937683
      ],
      "quaternion": [
        -1.4406353801994155e-06,
        -6.483650773495041e-08,
        1.90665041988905e-08,
        0.9999999999989599
      ]
    },
    "white_storage_box_obstacle_1": {
      "position": [
        10.000002229198568,
        -0.00031841069742806016,
        0.05829636857508027
      ],
      "quaternion": [
        0.7071067811865387,
        -1.1501128340648433e-07,
        -1.1501128338944777e-07,
        0.707106781186538
      ]
    },
    "milk_obstacle_1": {
      "position": [
        7.928029285557569e-05,
        -9.999989418053188,
        0.19449237015816082
      ],
      "quaternion": [
        0.7071080849049011,
        -7.850429599604727e-05,
        7.852685496431077e-05,
        0.7071054687475788
      ]
    },
    "wine_bottle_obstacle_1": {
      "position": [
        -7.542848877773e-09,
        9.999999881073853,
        -0.001887754681230656
      ],
      "quaternion": [
        -1.87809402733777e-05,
        2.1334141181342075e-05,
        0.707106780872643,
        0.7071067809292022
      ]
    },
    "red_coffee_mug_obstacle_1": {
      "position": [
        20.000000001459952,
        2.5696828419835622e-08,
        0.0018345553003131301
      ],
      "quaternion": [
        -5.80534414800842e-06,
        6.549903534377983e-06,
        0.7071067811583506,
        0.7071067811605782
      ]
    },
    "yellow_book_obstacle_1": {
      "position": [
        -19.999999993693603,
        1.0378717203755238e-07,
        -0.002184522581391894
      ],
      "quaternion": [
        5.976355218887079e-17,
        4.616071872094916e-19,
        1.0501794004134725e-12,
        1.0
      ]
    }
  }
}