{
  "agentview": {
    "intrinsic": [
      [
        618.0386719675123,
        0.0,
        256.0
      ],
      [
        0.0,
        618.0386719675123,
        256.0
      ],
      [
        0.0,
        0.0,
        1.0
      ]
    ],
    "extrinsic": [
      [
        -7.268184498698815e-08,
        0.6282664504107425,
        -0.7779982437565529,
        0.6586131746834771
      ],
      [
        0.9999999999999858,
        -7.268184498698815e-08,
        -1.521152659944569e-07,
        0.0
      ],
      [
        -1.521152659944569e-07,
        -0.7779982437565529,
        -0.6282664504107283,
        1.6103500240372424
      ],
      [
        0.0,
        0.0,
        0.0,
        1.0
      ]
    ]
  },
  "robot0_eye_in_hand": {
    "intrinsic": [
      [
        333.6256954473487,
        0.0,
        256.0
      ],
      [
        0.0,
        333.6256954473487,
        256.0
      ],
      [
        0.0,
        0.0,
        1.0
      ]
    ],
    "extrinsic": [
      [
        0.0002013373939286356,
        -0.9983477872424986,
        -0.057460031076010484,
        -0.15616320548983456
      ],
      [
        -0.9999999439301615,
        -0.0002163803095233119,
        0.00025557627277056,
        -0.0056012191069902545
      ],
      [
        -0.0002675872257016203,
        0.05745997639717525,
        -0.9983477748307492,
        1.2645964192247894
      ],
      [
        0.0,
        0.0,
        0.0,
        1.0
      ]
    ]
  },
  "backview": {
    "intrinsic": [
      [
        618.0386719675123,
        0.0,
        256.0
      ],
      [
        0.0,
        618.0386719675123,
        256.0
      ],
      [
        0.0,
        0.0,
        1.0
      ]
    ],
    "extrinsic": [
      [
        -0.9659231408032516,
        0.0,
        0.2588290672640574,
        -0.4
      ],
      [
        -0.2588290672640574,
        0.0,
        -0.9659231408032516,
        1.07
      ],
      [
        0.0,
        -1.0,
        0.0,
        1.25
      ],
      [
        0.0,
        0.0,
        0.0,
        1.0
      ]
    ]
  }
}