{
  "active_obstacle": {
    "name": "wine_bottle_obstacle_1",
    "position": [
      -0.07999963330953375,
      0.21999922942160535,
      0.8981122453185206
    ],
    "quaternion": [
      -1.87809396339009e-05,
      2.1334141729590164e-05,
      0.7071067599181681,
      0.7071068018836778
    ]
  },
  "all_obstacles": {
    "moka_pot_obstacle_1": {
      "position": [
        -9.999988637907336,
        -0.001310999918284562,
        0.10577777419768673
      ],
      "quaternion": [
        -1.4291829000926923e-06,
        -6.147296962950983e-08,
        -2.5113448882668274e-07,
        0.9999999999989457
      ]
    },
    "white_storage_box_obstacle_1": {
      "position": [
        10.000002229198568,
        -0.0003184106974286055,
        0.05829636857508026
      ],
      "quaternion": [
        0.7071067811865386,
        -1.1501128329006102e-07,
        -1.1501128333603398e-07,
        0.7071067811865379
      ]
    },
    "milk_obstacle_1": {
      "position": [
        7.928029285557569e-05,
        -9.999989418053188,
        0.19449237015816082
      ],
      "quaternion": [
        0.7071080849049011,
        -7.850429599604727e-05,
        7.852685496431077e-05,
        0.7071054687475788
      ]
    },
    "wine_bottle_obstacle_1": {
      "position": [
        -0.07999963330953375,
        0.21999922942160535,
        0.8981122453185206
      ],
      "quaternion": [
        -1.87809396339009e-05,
        2.1334141729590164e-05,
        0.7071067599181681,
        0.7071068018836778
      ]
    },
    "red_coffee_mug_obstacle_1": {
      "position": [
        20.000000001459952,
        2.5696828448238298e-08,
        0.0018345553003131301
      ],
      "quaternion": [
        -5.805344147995997e-06,
        6.549903534387187e-06,
        0.7071067811583506,
        0.7071067811605782
      ]
    },
    "yellow_book_obstacle_1": {
      "position": [
        -19.999999993693603,
        1.0378717203892964e-07,
        -0.002184522581391894
      ],
      "quaternion": [
        5.627410953370926e-17,
        -2.829520037098239e-18,
        1.0501799634064153e-12,
        1.0
      ]
    }
  }
}