{
  "active_obstacle": {
    "name": "moka_pot_obstacle_1",
    "position": [
      -0.10000002655723586,
      -0.00258437269551978,
      1.005777926937683
    ],
    "quaternion": [
      -1.4406353813432914e-06,
      -6.483648255522278e-08,
      1.587085866707997e-09,
      0.9999999999989603
    ]
  },
  "all_obstacles": {
    "moka_pot_obstacle_1": {
      "position": [
        -0.10000002655723586,
        -0.00258437269551978,
        1.005777926937683
      ],
      "quaternion": [
        -1.4406353813432914e-06,
        -6.483648255522278e-08,
        1.587085866707997e-09,
        0.9999999999989603
      ]
    },
    "white_storage_box_obstacle_1": {
      "position": [
        10.000002229198568,
        -0.00031841069742806016,
        0.05829636857508027
      ],
      "quaternion": [
        0.7071067811865387,
        -1.1501128340648433e-07,
        -1.1501128338944777e-07,
        0.707106781186538
      ]
    },
    "milk_obstacle_1": {
      "position": [
        7.928029285557569e-05,
        -9.999989418053188,
        0.19449237015816082
      ],
      "quaternion": [
        0.7071080849049011,
        -7.850429599604727e-05,
        7.852685496431077e-05,
        0.7071054687475788
      ]
    },
    "wine_bottle_obstacle_1": {
      "position": [
        -7.5428488783134e-09,
        9.999999881073853,
        -0.0018877546812306563
      ],
      "quaternion": [
        -1.8780940273363347e-05,
        2.1334141181335434e-05,
        0.707106780872643,
        0.7071067809292022
      ]
    },
    "red_coffee_mug_obstacle_1": {
      "position": [
        20.000000001459952,
        2.5696828405620798e-08,
        0.0018345553003131301
      ],
      "quaternion": [
        -5.805344148000242e-06,
        6.549903534385818e-06,
        0.7071067811583506,
        0.7071067811605782
      ]
    },
    "yellow_book_obstacle_1": {
      "position": [
        -19.999999993693603,
        1.0378717203716518e-07,
        -0.002184522581391894
      ],
      "quaternion": [
        5.305955218467509e-17,
        2.1174361532997243e-18,
        1.0501795971810602e-12,
        1.0
      ]
    }
  }
}