{
  "agentview": {
    "intrinsic": [
      [
        618.0386719675123,
        0.0,
        256.0
      ],
      [
        0.0,
        618.0386719675123,
        256.0
      ],
      [
        0.0,
        0.0,
        1.0
      ]
    ],
    "extrinsic": [
      [
        -7.268184498698815e-08,
        0.6282664504107425,
        -0.7779982437565529,
        0.6586131746834771
      ],
      [
        0.9999999999999858,
        -7.268184498698815e-08,
        -1.521152659944569e-07,
        0.0
      ],
      [
        -1.521152659944569e-07,
        -0.7779982437565529,
        -0.6282664504107283,
        1.6103500240372424
      ],
      [
        0.0,
        0.0,
        0.0,
        1.0
      ]
    ]
  },
  "robot0_eye_in_hand": {
    "intrinsic": [
      [
        333.6256954473487,
        0.0,
        256.0
      ],
      [
        0.0,
        333.6256954473487,
        256.0
      ],
      [
        0.0,
        0.0,
        1.0
      ]
    ],
    "extrinsic": [
      [
        0.0006554913400006468,
        -0.9984234460854883,
        -0.056126576929991706,
        -0.14846145484002826
      ],
      [
        -0.9999997258363945,
        -0.0006737918450434033,
        0.0003071346325863207,
        -0.0040213867202589055
      ],
      [
        -0.00034446804810466317,
        0.056126360218035215,
        -0.9984236140188374,
        1.2707279541337995
      ],
      [
        0.0,
        0.0,
        0.0,
        1.0
      ]
    ]
  }
}