{
  "agentview": {
    "intrinsic": [
      [
        618.0386719675123,
        0.0,
        256.0
      ],
      [
        0.0,
        618.0386719675123,
        256.0
      ],
      [
        0.0,
        0.0,
        1.0
      ]
    ],
    "extrinsic": [
      [
        -7.268184498698815e-08,
        0.6282664504107425,
        -0.7779982437565529,
        0.6586131746834771
      ],
      [
        0.9999999999999858,
        -7.268184498698815e-08,
        -1.521152659944569e-07,
        0.0
      ],
      [
        -1.521152659944569e-07,
        -0.7779982437565529,
        -0.6282664504107283,
        1.6103500240372424
      ],
      [
        0.0,
        0.0,
        0.0,
        1.0
      ]
    ]
  },
  "robot0_eye_in_hand": {
    "intrinsic": [
      [
        333.6256954473487,
        0.0,
        256.0
      ],
      [
        0.0,
        333.6256954473487,
        256.0
      ],
      [
        0.0,
        0.0,
        1.0
      ]
    ],
    "extrinsic": [
      [
        0.0003120176371668171,
        -0.9983468080445623,
        -0.057476547497431446,
        -0.16154393593572536
      ],
      [
        -0.9999999124574839,
        -0.00032752633749205673,
        0.000260406450725649,
        -0.0055148359110896395
      ],
      [
        -0.000278801031969686,
        0.057476461214384496,
        -0.9983468228407664,
        1.2568655035777057
      ],
      [
        0.0,
        0.0,
        0.0,
        1.0
      ]
    ]
  }
}