{
  "agentview": {
    "intrinsic": [
      [
        618.0386719675123,
        0.0,
        256.0
      ],
      [
        0.0,
        618.0386719675123,
        256.0
      ],
      [
        0.0,
        0.0,
        1.0
      ]
    ],
    "extrinsic": [
      [
        -7.268184498698815e-08,
        0.6282664504107425,
        -0.7779982437565529,
        0.6586131746834771
      ],
      [
        0.9999999999999858,
        -7.268184498698815e-08,
        -1.521152659944569e-07,
        0.0
      ],
      [
        -1.521152659944569e-07,
        -0.7779982437565529,
        -0.6282664504107283,
        1.6103500240372424
      ],
      [
        0.0,
        0.0,
        0.0,
        1.0
      ]
    ]
  },
  "robot0_eye_in_hand": {
    "intrinsic": [
      [
        333.6256954473487,
        0.0,
        256.0
      ],
      [
        0.0,
        333.6256954473487,
        256.0
      ],
      [
        0.0,
        0.0,
        1.0
      ]
    ],
    "extrinsic": [
      [
        0.0006960379626029245,
        -0.9984250278665162,
        -0.056097943464074096,
        -0.15389643725384214
      ],
      [
        -0.9999996967122943,
        -0.0007145445751418067,
        0.00030984087421710715,
        -0.013790304857258037
      ],
      [
        -0.00034943736465326697,
        0.05609771078924677,
        -0.9984252224066317,
        1.2717753188578378
      ],
      [
        0.0,
        0.0,
        0.0,
        1.0
      ]
    ]
  }
}