{
  "active_obstacle": {
    "name": "red_coffee_mug_obstacle_1",
    "position": [
      -0.07999702635686458,
      0.22031307791816301,
      0.9018345553003128
    ],
    "quaternion": [
      -5.80537669289823e-06,
      6.549874688818824e-06,
      0.707110294585355,
      0.707103267716116
    ]
  },
  "all_obstacles": {
    "moka_pot_obstacle_1": {
      "position": [
        -9.999988637907336,
        -0.001310999918284562,
        0.10577777419768673
      ],
      "quaternion": [
        -1.4291829000926923e-06,
        -6.147296962950983e-08,
        -2.5113448882668274e-07,
        0.9999999999989457
      ]
    },
    "white_storage_box_obstacle_1": {
      "position": [
        10.000002229198568,
        -0.0003184106974286055,
        0.05829636857508026
      ],
      "quaternion": [
        0.7071067811865386,
        -1.1501128329006102e-07,
        -1.1501128333603398e-07,
        0.7071067811865379
      ]
    },
    "milk_obstacle_1": {
      "position": [
        7.928029285557569e-05,
        -9.999989418053188,
        0.19449237015816082
      ],
      "quaternion": [
        0.7071080849049011,
        -7.850429599604727e-05,
        7.852685496431077e-05,
        0.7071054687475788
      ]
    },
    "wine_bottle_obstacle_1": {
      "position": [
        -7.542848878343093e-09,
        9.999999881073853,
        -0.0018877546812306558
      ],
      "quaternion": [
        -1.878094027336191e-05,
        2.1334141181335746e-05,
        0.707106780872643,
        0.7071067809292022
      ]
    },
    "red_coffee_mug_obstacle_1": {
      "position": [
        -0.07999702635686458,
        0.22031307791816301,
        0.9018345553003128
      ],
      "quaternion": [
        -5.80537669289823e-06,
        6.549874688818824e-06,
        0.707110294585355,
        0.707103267716116
      ]
    },
    "yellow_book_obstacle_1": {
      "position": [
        -19.999999993693603,
        1.0378717203892964e-07,
        -0.002184522581391894
      ],
      "quaternion": [
        5.627410953370926e-17,
        -2.829520037098239e-18,
        1.0501799634064153e-12,
        1.0
      ]
    }
  }
}