{
  "agentview": {
    "intrinsic": [
      [
        618.0386719675123,
        0.0,
        256.0
      ],
      [
        0.0,
        618.0386719675123,
        256.0
      ],
      [
        0.0,
        0.0,
        1.0
      ]
    ],
    "extrinsic": [
      [
        -7.268184498698815e-08,
        0.6282664504107425,
        -0.7779982437565529,
        0.6586131746834771
      ],
      [
        0.9999999999999858,
        -7.268184498698815e-08,
        -1.521152659944569e-07,
        0.0
      ],
      [
        -1.521152659944569e-07,
        -0.7779982437565529,
        -0.6282664504107283,
        1.6103500240372424
      ],
      [
        0.0,
        0.0,
        0.0,
        1.0
      ]
    ]
  },
  "robot0_eye_in_hand": {
    "intrinsic": [
      [
        333.6256954473487,
        0.0,
        256.0
      ],
      [
        0.0,
        333.6256954473487,
        256.0
      ],
      [
        0.0,
        0.0,
        1.0
      ]
    ],
    "extrinsic": [
      [
        -0.0002163108439702799,
        -0.998413411930388,
        -0.05630818845547918,
        -0.1569875213139676
      ],
      [
        -0.9999999721021415,
        0.00022131109816808658,
        -8.256580103039798e-05,
        -0.011664977745239304
      ],
      [
        9.48964301384636e-05,
        0.05630816902472327,
        -0.9984134319487836,
        1.2627487367610108
      ],
      [
        0.0,
        0.0,
        0.0,
        1.0
      ]
    ]
  }
}