{
  "active_obstacle": {
    "name": "white_storage_box_obstacle_1",
    "position": [
      -0.11586583783121104,
      0.12840262032243563,
      0.9582963685750798
    ],
    "quaternion": [
      0.7071067811865474,
      -1.2901434823805539e-11,
      -1.2901473005830802e-11,
      0.7071067811865468
    ]
  },
  "all_obstacles": {
    "moka_pot_obstacle_1": {
      "position": [
        -10.000011362092664,
        0.0013109999182852837,
        0.10577777419768651
      ],
      "quaternion": [
        6.14729696356348e-08,
        -1.4291829000897578e-06,
        0.9999999999989446,
        2.5113448937836615e-07
      ]
    },
    "white_storage_box_obstacle_1": {
      "position": [
        -0.11586583783121104,
        0.12840262032243563,
        0.9582963685750798
      ],
      "quaternion": [
        0.7071067811865474,
        -1.2901434823805539e-11,
        -1.2901473005830802e-11,
        0.7071067811865468
      ]
    },
    "milk_obstacle_1": {
      "position": [
        7.928029285557569e-05,
        -9.999989418053188,
        0.19449237015816082
      ],
      "quaternion": [
        0.7071080849049011,
        -7.850429599604727e-05,
        7.852685496431077e-05,
        0.7071054687475788
      ]
    },
    "wine_bottle_obstacle_1": {
      "position": [
        -7.5428488783134e-09,
        9.999999881073853,
        -0.0018877546812306563
      ],
      "quaternion": [
        -1.8780940273363347e-05,
        2.1334141181335434e-05,
        0.707106780872643,
        0.7071067809292022
      ]
    },
    "red_coffee_mug_obstacle_1": {
      "position": [
        19.999999998540048,
        -2.5696828405908766e-08,
        0.0018345553003131301
      ],
      "quaternion": [
        6.549903534383637e-06,
        5.805344147995006e-06,
        -0.7071067811605782,
        0.7071067811583506
      ]
    },
    "yellow_book_obstacle_1": {
      "position": [
        -19.999999993693603,
        1.0378717203716518e-07,
        -0.002184522581391894
      ],
      "quaternion": [
        5.305955218467509e-17,
        2.1174361532997243e-18,
        1.0501795971810602e-12,
        1.0
      ]
    }
  }
}