{
  "constraints": [
    {
      "object": "akita_black_bowl_1",
      "relationship": "above",
      "type": "superquadric",
      "params": {
        "center": [
          -490.0056106612251,
          54.178544478594034,
          1.1475094469541645
        ],
        "scales": [
          637.0863376948702,
          545.426337160888,
          219.34675469045717
        ],
        "epsilon1": 1.6127566853576025,
        "epsilon2": 0.050000082379045144
      },
      "h_at_eef": -0.27821690236284036,
      "gradient_at_eef": [
        0.0018274507519985394,
        -4.705008190437963e-38,
        0.0006491421750435723
      ]
    },
    {
      "object": "akita_black_bowl_1",
      "relationship": "below",
      "type": "superquadric",
      "params": {
        "center": [
          -9178.327582730271,
          -4568.310618718848,
          14.569458390778665
        ],
        "scales": [
          14482.95178975436,
          9247.763131862364,
          3635.084369913573
        ],
        "epsilon1": 1.9999999815803542,
        "epsilon2": 0.8524715105452509
      },
      "h_at_eef": -0.2308781716163173,
      "gradient_at_eef": [
        5.354806393735727e-05,
        5.9971216337864444e-05,
        -0.0002750967669084608
      ]
    },
    {
      "object": "akita_black_bowl_1",
      "relationship": "around in front of",
      "type": "superquadric",
      "params": {
        "center": [
          -0.06546123494098893,
          0.1428954692827504,
          0.9006387145358121
        ],
        "scales": [
          0.054666958973988176,
          0.1273889809697812,
          0.12409073694514071
        ],
        "epsilon1": 2.0,
        "epsilon2": 0.5365577467117516
      },
      "h_at_eef": 3.9086949759313914,
      "gradient_at_eef": [
        -17.623959328234786,
        -0.8718172568926496,
        8.058619237970117
      ]
    },
    {
      "object": "akita_black_bowl_1",
      "relationship": "around behind",
      "type": "superquadric",
      "params": {
        "center": [
          -0.06546121875938739,
          0.2628954116711402,
          0.9006387206444065
        ],
        "scales": [
          0.054666993080700374,
          0.12738903972969676,
          0.12409047886192973
        ],
        "epsilon1": 2.0,
        "epsilon2": 0.5365560172894049
      },
      "h_at_eef": 4.150344557154865,
      "gradient_at_eef": [
        -13.954631681754657,
        -3.3256810744895517,
        8.058635998275566
      ]
    },
    {
      "object": "akita_black_bowl_2",
      "relationship": "above",
      "type": "superquadric",
      "params": {
        "center": [
          -0.1815664504854268,
          0.3184126654077559,
          1.148760097921138
        ],
        "scales": [
          1.0660262490871524,
          0.9531708400097247,
          0.3427285041999704
        ],
        "epsilon1": 2.0,
        "epsilon2": 2.0
      },
      "h_at_eef": -0.5522984576132658,
      "gradient_at_eef": [
        -0.9380632051568231,
        -1.0491298705589833,
        2.917761399316043
      ]
    },
    {
      "object": "akita_black_bowl_2",
      "relationship": "below",
      "type": "superquadric",
      "params": {
        "center": [
          -3.8726274896269364,
          -387.0642321506139,
          0.869027887528887
        ],
        "scales": [
          318.1565571118253,
          503.6179306372908,
          59.13505312600026
        ],
        "epsilon1": 1.360994531735631,
        "epsilon2": 0.05
      },
      "h_at_eef": -0.3203770405408658,
      "gradient_at_eef": [
        2.8100754415905974e-74,
        0.002578651754149816,
        0.002096087849312682
      ]
    },
    {
      "object": "akita_black_bowl_2",
      "relationship": "around in front of",
      "type": "superquadric",
      "params": {
        "center": [
          -694.4705772957913,
          0.19169632723429056,
          0.641852968866832
        ],
        "scales": [
          902.7108723992413,
          496.7040727964155,
          656.9197404253407
        ],
        "epsilon1": 1.7619335596557404,
        "epsilon2": 0.5217570220906109
      },
      "h_at_eef": -0.2574131106627249,
      "gradient_at_eef": [
        0.0012136259666444128,
        -1.1592296915108244e-12,
        0.0006604497946917733
      ]
    },
    {
      "object": "akita_black_bowl_2",
      "relationship": "around behind",
      "type": "superquadric",
      "params": {
        "center": [
          -657.7580531660074,
          0.5221355348367314,
          -0.851186487868244
        ],
        "scales": [
          854.9009141391824,
          470.1694908275531,
          622.3293780427
        ],
        "epsilon1": 1.2327774424667246,
        "epsilon2": 0.05
      },
      "h_at_eef": -0.34667294032067797,
      "gradient_at_eef": [
        0.0016117142922562016,
        -1.0997811596928577e-113,
        7.379288083349214e-05
      ]
    },
    {
      "object": "cookies_1",
      "relationship": "above",
      "type": "superquadric",
      "params": {
        "center": [
          868.8901281981277,
          324.4363656622337,
          1.1351868266233318
        ],
        "scales": [
          1129.5051457368054,
          1024.0800522347256,
          58.13884714128067
        ],
        "epsilon1": 1.1010612478744342,
        "epsilon2": 0.05000009203871403
      },
      "h_at_eef": -0.3787601797787219,
      "gradient_at_eef": [
        -0.0012983928887859428,
        -1.3380886328593573e-18,
        8.016883604145065e-05
      ]
    },
    {
      "object": "cookies_1",
      "relationship": "below",
      "type": "superquadric",
      "params": {
        "center": [
          -1109.70468212148,
          -8.93254875721798,
          -6.291657712472894
        ],
        "scales": [
          1443.2361348112363,
          246.9479037408606,
          329.3752634302588
        ],
        "epsilon1": 0.9882830485352221,
        "epsilon2": 0.12289234391784239
      },
      "h_at_eef": -0.41222158761505,
      "gradient_at_eef": [
        0.0010712489344854718,
        3.2578878159348234e-23,
        0.00012730626166519772
      ]
    },
    {
      "object": "cookies_1",
      "relationship": "around in front of",
      "type": "superquadric",
      "params": {
        "center": [
          -408.34655930542283,
          177.23475699786357,
          -0.34535291774801247
        ],
        "scales": [
          531.0584556085297,
          465.36177185828365,
          473.66369181371033
        ],
        "epsilon1": 1.2619728688825027,
        "epsilon2": 0.209078360256958
      },
      "h_at_eef": -0.34089399079030336,
      "gradient_at_eef": [
        0.002555826480255527,
        -7.134657308808344e-06,
        0.00011644264345650303
      ]
    },
    {
      "object": "cookies_1",
      "relationship": "around behind",
      "type": "superquadric",
      "params": {
        "center": [
          -1388.0100001961118,
          598.4615495833739,
          0.8998721904718718
        ],
        "scales": [
          1805.3944140728083,
          1587.1369654037983,
          1611.25539784225
        ],
        "epsilon1": 2.0,
        "epsilon2": 0.2545710528333231
      },
      "h_at_eef": -0.23077135839354523,
      "gradient_at_eef": [
        0.0005521065080334175,
        -4.754909606899234e-06,
        0.0006206340728721053
      ]
    },
    {
      "object": "glazed_rim_porcelain_ramekin_1",
      "relationship": "above",
      "type": "superquadric",
      "params": {
        "center": [
          -902.7841689862555,
          335.4612933692905,
          1.1416128219651176
        ],
        "scales": [
          1173.4161049522277,
          1415.5602767710284,
          427.1400045076319
        ],
        "epsilon1": 1.488852593757329,
        "epsilon2": 0.22052243832856294
      },
      "h_at_eef": -0.2970800684690815,