{
  "agentview": {
    "intrinsic": [
      [
        618.0386719675123,
        0.0,
        256.0
      ],
      [
        0.0,
        618.0386719675123,
        256.0
      ],
      [
        0.0,
        0.0,
        1.0
      ]
    ],
    "extrinsic": [
      [
        -7.268184498698815e-08,
        0.6282664504107425,
        -0.7779982437565529,
        0.6586131746834771
      ],
      [
        0.9999999999999858,
        -7.268184498698815e-08,
        -1.521152659944569e-07,
        0.0
      ],
      [
        -1.521152659944569e-07,
        -0.7779982437565529,
        -0.6282664504107283,
        1.6103500240372424
      ],
      [
        0.0,
        0.0,
        0.0,
        1.0
      ]
    ]
  },
  "robot0_eye_in_hand": {
    "intrinsic": [
      [
        333.6256954473487,
        0.0,
        256.0
      ],
      [
        0.0,
        333.6256954473487,
        256.0
      ],
      [
        0.0,
        0.0,
        1.0
      ]
    ],
    "extrinsic": [
      [
        -8.790509600170582e-05,
        -0.9984160527783988,
        -0.05626169058154537,
        -0.1473340893600751
      ],
      [
        -0.9999999834549086,
        7.88057754827487e-05,
        0.00016395069466131063,
        -0.004934939587694184
      ],
      [
        -0.00015925725925777096,
        0.05626170406279217,
        -0.9984160431869442,
        1.273587021893737
      ],
      [
        0.0,
        0.0,
        0.0,
        1.0
      ]
    ]
  }
}