{
  "active_obstacle": {
    "name": "milk_obstacle_1",
    "position": [
      -0.10000002935221425,
      -0.019412809823442442,
      1.0394854773015705
    ],
    "quaternion": [
      0.7071067884324111,
      -5.5922968530829646e-08,
      5.5913181682525855e-08,
      0.7071067739406799
    ]
  },
  "all_obstacles": {
    "moka_pot_obstacle_1": {
      "position": [
        -9.999988637907334,
        -0.0013109999182848704,
        0.10577777419768673
      ],
      "quaternion": [
        -1.4291829000921246e-06,
        -6.147296963401813e-08,
        -2.5113448930368517e-07,
        0.9999999999989457
      ]
    },
    "white_storage_box_obstacle_1": {
      "position": [
        10.000002229198568,
        -0.00031841069742698604,
        0.05829636857508027
      ],
      "quaternion": [
        0.7071067811865387,
        -1.1501128377991e-07,
        -1.1501128373675573e-07,
        0.707106781186538
      ]
    },
    "milk_obstacle_1": {
      "position": [
        -0.10000002935221425,
        -0.019412809823442442,
        1.0394854773015705
      ],
      "quaternion": [
        0.7071067884324111,
        -5.5922968530829646e-08,
        5.5913181682525855e-08,
        0.7071067739406799
      ]
    },
    "wine_bottle_obstacle_1": {
      "position": [
        -7.542848880098185e-09,
        9.999999881073853,
        -0.001887754681230656
      ],
      "quaternion": [
        -1.8780940273355043e-05,
        2.1334141181339585e-05,
        0.707106780872643,
        0.7071067809292022
      ]
    },
    "red_coffee_mug_obstacle_1": {
      "position": [
        20.000000001459952,
        2.5696828401682816e-08,
        0.0018345553003131301
      ],
      "quaternion": [
        -5.8053441480128094e-06,
        6.549903534378301e-06,
        0.7071067811583506,
        0.7071067811605782
      ]
    },
    "yellow_book_obstacle_1": {
      "position": [
        -19.999999993693603,
        1.0378717203873628e-07,
        -0.002184522581391894
      ],
      "quaternion": [
        5.986018023415473e-17,
        9.373214816277314e-18,
        1.050179350098823e-12,
        1.0
      ]
    }
  }
}