{
  "agentview": {
    "intrinsic": [
      [
        618.0386719675123,
        0.0,
        256.0
      ],
      [
        0.0,
        618.0386719675123,
        256.0
      ],
      [
        0.0,
        0.0,
        1.0
      ]
    ],
    "extrinsic": [
      [
        -7.268184498698815e-08,
        0.6282664504107425,
        -0.7779982437565529,
        0.6586131746834771
      ],
      [
        0.9999999999999858,
        -7.268184498698815e-08,
        -1.521152659944569e-07,
        0.0
      ],
      [
        -1.521152659944569e-07,
        -0.7779982437565529,
        -0.6282664504107283,
        1.6103500240372424
      ],
      [
        0.0,
        0.0,
        0.0,
        1.0
      ]
    ]
  },
  "robot0_eye_in_hand": {
    "intrinsic": [
      [
        333.6256954473487,
        0.0,
        256.0
      ],
      [
        0.0,
        333.6256954473487,
        256.0
      ],
      [
        0.0,
        0.0,
        1.0
      ]
    ],
    "extrinsic": [
      [
        0.00013927592023871282,
        -0.9984261621377349,
        -0.05608189869404287,
        -0.14826723238722683
      ],
      [
        -0.999999970604159,
        -0.0001501877981531785,
        0.00019035572999483164,
        -0.0008749765122393572
      ],
      [
        -0.00019847895782077601,
        0.0560818705334989,
        -0.9984261537057033,
        1.2785298751177991
      ],
      [
        0.0,
        0.0,
        0.0,
        1.0
      ]
    ]
  }
}