{
  "agentview": {
    "intrinsic": [
      [
        618.0386719675123,
        0.0,
        256.0
      ],
      [
        0.0,
        618.0386719675123,
        256.0
      ],
      [
        0.0,
        0.0,
        1.0
      ]
    ],
    "extrinsic": [
      [
        -7.268184498698815e-08,
        0.6282664504107425,
        -0.7779982437565529,
        0.6586131746834771
      ],
      [
        0.9999999999999858,
        -7.268184498698815e-08,
        -1.521152659944569e-07,
        0.0
      ],
      [
        -1.521152659944569e-07,
        -0.7779982437565529,
        -0.6282664504107283,
        1.6103500240372424
      ],
      [
        0.0,
        0.0,
        0.0,
        1.0
      ]
    ]
  },
  "robot0_eye_in_hand": {
    "intrinsic": [
      [
        333.6256954473487,
        0.0,
        256.0
      ],
      [
        0.0,
        333.6256954473487,
        256.0
      ],
      [
        0.0,
        0.0,
        1.0
      ]
    ],
    "extrinsic": [
      [
        -0.0002693987703009104,
        -0.9983508782370457,
        -0.05740602187593725,
        -0.1476044947921661
      ],
      [
        -0.9999999635547631,
        0.0002679360192612834,
        3.317770992448954e-05,
        -0.001099671761821728
      ],
      [
        -1.774185485794305e-05,
        0.05740602872179548,
        -0.9983509140335463,
        1.2648788490974137
      ],
      [
        0.0,
        0.0,
        0.0,
        1.0
      ]
    ]
  }
}