{
  "agentview": {
    "intrinsic": [
      [
        618.0386719675123,
        0.0,
        256.0
      ],
      [
        0.0,
        618.0386719675123,
        256.0
      ],
      [
        0.0,
        0.0,
        1.0
      ]
    ],
    "extrinsic": [
      [
        -7.268184498698815e-08,
        0.6282664504107425,
        -0.7779982437565529,
        0.6586131746834771
      ],
      [
        0.9999999999999858,
        -7.268184498698815e-08,
        -1.521152659944569e-07,
        0.0
      ],
      [
        -1.521152659944569e-07,
        -0.7779982437565529,
        -0.6282664504107283,
        1.6103500240372424
      ],
      [
        0.0,
        0.0,
        0.0,
        1.0
      ]
    ]
  },
  "robot0_eye_in_hand": {
    "intrinsic": [
      [
        333.6256954473487,
        0.0,
        256.0
      ],
      [
        0.0,
        333.6256954473487,
        256.0
      ],
      [
        0.0,
        0.0,
        1.0
      ]
    ],
    "extrinsic": [
      [
        -0.00043988433789582393,
        -0.9983616596173491,
        -0.057217157460484,
        -0.14454072429944198
      ],
      [
        -0.9999998731413778,
        0.00042512284628010155,
        0.00027016252511153846,
        -0.003130586446252327
      ],
      [
        -0.00024539558610111104,
        0.05721726904225784,
        -0.9983617199714481,
        1.2815619163892904
      ],
      [
        0.0,
        0.0,
        0.0,
        1.0
      ]
    ]
  }
}