{
  "agentview": {
    "intrinsic": [
      [
        618.0386719675123,
        0.0,
        256.0
      ],
      [
        0.0,
        618.0386719675123,
        256.0
      ],
      [
        0.0,
        0.0,
        1.0
      ]
    ],
    "extrinsic": [
      [
        -7.268184498698815e-08,
        0.6282664504107425,
        -0.7779982437565529,
        0.6586131746834771
      ],
      [
        0.9999999999999858,
        -7.268184498698815e-08,
        -1.521152659944569e-07,
        0.0
      ],
      [
        -1.521152659944569e-07,
        -0.7779982437565529,
        -0.6282664504107283,
        1.6103500240372424
      ],
      [
        0.0,
        0.0,
        0.0,
        1.0
      ]
    ]
  },
  "robot0_eye_in_hand": {
    "intrinsic": [
      [
        333.6256954473487,
        0.0,
        256.0
      ],
      [
        0.0,
        333.6256954473487,
        256.0
      ],
      [
        0.0,
        0.0,
        1.0
      ]
    ],
    "extrinsic": [
      [
        0.0010029213295744133,
        -0.9984244548111783,
        -0.05610349529044291,
        -0.1517216081782669
      ],
      [
        -0.9999993862751331,
        -0.0010277518802504493,
        0.0004137335212968489,
        0.008771369399915881
      ],
      [
        -0.0004707421382112893,
        0.056103045916159555,
        -0.9984248728075464,
        1.2680593834537421
      ],
      [
        0.0,
        0.0,
        0.0,
        1.0
      ]
    ]
  }
}