{
  "agentview": {
    "intrinsic": [
      [
        618.0386719675123,
        0.0,
        256.0
      ],
      [
        0.0,
        618.0386719675123,
        256.0
      ],
      [
        0.0,
        0.0,
        1.0
      ]
    ],
    "extrinsic": [
      [
        -7.268184498698815e-08,
        0.6282664504107425,
        -0.7779982437565529,
        0.6586131746834771
      ],
      [
        0.9999999999999858,
        -7.268184498698815e-08,
        -1.521152659944569e-07,
        0.0
      ],
      [
        -1.521152659944569e-07,
        -0.7779982437565529,
        -0.6282664504107283,
        1.6103500240372424
      ],
      [
        0.0,
        0.0,
        0.0,
        1.0
      ]
    ]
  },
  "robot0_eye_in_hand": {
    "intrinsic": [
      [
        333.6256954473487,
        0.0,
        256.0
      ],
      [
        0.0,
        333.6256954473487,
        256.0
      ],
      [
        0.0,
        0.0,
        1.0
      ]
    ],
    "extrinsic": [
      [
        -0.0003685489554273724,
        -0.9984239439873566,
        -0.05612033717286558,
        -0.15592098141933983
      ],
      [
        -0.9999999234392745,
        0.0003605881147050738,
        0.0001519791220409121,
        -0.011033554857756768
      ],
      [
        -0.00013150326785404953,
        0.05612038888799861,
        -0.9984240004416697,
        1.2682401860329686
      ],
      [
        0.0,
        0.0,
        0.0,
        1.0
      ]
    ]
  }
}