{
  "active_obstacle": {
    "name": "wine_bottle_obstacle_1",
    "position": [
      -0.09999994168916596,
      -0.024079461966281267,
      0.8981122453187629
    ],
    "quaternion": [
      -1.878094007679853e-05,
      2.1334141353298355e-05,
      0.7071067743741878,
      0.7071067874276578
    ]
  },
  "all_obstacles": {
    "moka_pot_obstacle_1": {
      "position": [
        -9.999988637907336,
        -0.001310999918284562,
        0.10577777419768673
      ],
      "quaternion": [
        -1.4291829000926923e-06,
        -6.147296962950983e-08,
        -2.5113448882668274e-07,
        0.9999999999989457
      ]
    },
    "white_storage_box_obstacle_1": {
      "position": [
        10.000002229198568,
        -0.00031841069742806016,
        0.05829636857508027
      ],
      "quaternion": [
        0.7071067811865387,
        -1.1501128340648433e-07,
        -1.1501128338944777e-07,
        0.707106781186538
      ]
    },
    "milk_obstacle_1": {
      "position": [
        7.928029285557569e-05,
        -9.999989418053188,
        0.19449237015816082
      ],
      "quaternion": [
        0.7071080849049011,
        -7.850429599604727e-05,
        7.852685496431077e-05,
        0.7071054687475788
      ]
    },
    "wine_bottle_obstacle_1": {
      "position": [
        -0.09999994168916596,
        -0.024079461966281267,
        0.8981122453187629
      ],
      "quaternion": [
        -1.878094007679853e-05,
        2.1334141353298355e-05,
        0.7071067743741878,
        0.7071067874276578
      ]
    },
    "red_coffee_mug_obstacle_1": {
      "position": [
        20.000000001459952,
        2.5696828378195337e-08,
        0.0018345553003131301
      ],
      "quaternion": [
        -5.805344148000204e-06,
        6.549903534386393e-06,
        0.7071067811583506,
        0.7071067811605782
      ]
    },
    "yellow_book_obstacle_1": {
      "position": [
        -19.999999993693603,
        1.037871720381133e-07,
        -0.002184522581391894
      ],
      "quaternion": [
        6.1533930015682e-17,
        -1.3395751895214918e-18,
        1.0501795576262105e-12,
        1.0
      ]
    }
  }
}