{
  "active_obstacle": {
    "name": "milk_obstacle_1",
    "position": [
      -0.09343062858897219,
      0.055921595686098224,
      1.0394854773015705
    ],
    "quaternion": [
      0.7071067884324111,
      -5.592296851919711e-08,
      5.591318167029081e-08,
      0.7071067739406799
    ]
  },
  "all_obstacles": {
    "moka_pot_obstacle_1": {
      "position": [
        -10.000011362092664,
        0.0013109999182858109,
        0.10577777419768651
      ],
      "quaternion": [
        6.14729696356177e-08,
        -1.4291829000896701e-06,
        0.9999999999989446,
        2.51134489679675e-07
      ]
    },
    "white_storage_box_obstacle_1": {
      "position": [
        10.000002229198568,
        -0.00031841069742698604,
        0.05829636857508027
      ],
      "quaternion": [
        0.7071067811865387,
        -1.1501128377991e-07,
        -1.1501128373675573e-07,
        0.707106781186538
      ]
    },
    "milk_obstacle_1": {
      "position": [
        -0.09343062858897219,
        0.055921595686098224,
        1.0394854773015705
      ],
      "quaternion": [
        0.7071067884324111,
        -5.592296851919711e-08,
        5.591318167029081e-08,
        0.7071067739406799
      ]
    },
    "wine_bottle_obstacle_1": {
      "position": [
        -7.5428488783134e-09,
        9.999999881073853,
        -0.0018877546812306563
      ],
      "quaternion": [
        -1.8780940273363347e-05,
        2.1334141181335434e-05,
        0.707106780872643,
        0.7071067809292022
      ]
    },
    "red_coffee_mug_obstacle_1": {
      "position": [
        19.999999998540048,
        -2.5696828406911723e-08,
        0.0018345553003131301
      ],
      "quaternion": [
        6.5499035343841575e-06,
        5.805344147999045e-06,
        -0.7071067811605782,
        0.7071067811583506
      ]
    },
    "yellow_book_obstacle_1": {
      "position": [
        -19.999999993693603,
        1.0378717203716518e-07,
        -0.002184522581391894
      ],
      "quaternion": [
        5.305955218467509e-17,
        2.1174361532997243e-18,
        1.0501795971810602e-12,
        1.0
      ]
    }
  }
}