{
  "agentview": {
    "intrinsic": [
      [
        618.0386719675123,
        0.0,
        256.0
      ],
      [
        0.0,
        618.0386719675123,
        256.0
      ],
      [
        0.0,
        0.0,
        1.0
      ]
    ],
    "extrinsic": [
      [
        -7.268184498698815e-08,
        0.6282664504107425,
        -0.7779982437565529,
        0.6586131746834771
      ],
      [
        0.9999999999999858,
        -7.268184498698815e-08,
        -1.521152659944569e-07,
        0.0
      ],
      [
        -1.521152659944569e-07,
        -0.7779982437565529,
        -0.6282664504107283,
        1.6103500240372424
      ],
      [
        0.0,
        0.0,
        0.0,
        1.0
      ]
    ]
  },
  "robot0_eye_in_hand": {
    "intrinsic": [
      [
        333.6256954473487,
        0.0,
        256.0
      ],
      [
        0.0,
        333.6256954473487,
        256.0
      ],
      [
        0.0,
        0.0,
        1.0
      ]
    ],
    "extrinsic": [
      [
        0.0010487522556668072,
        -0.9984278758210567,
        -0.056041742497495314,
        -0.14518662967872284
      ],
      [
        -0.9999993481050067,
        -0.001072410306678817,
        0.00039207868164239934,
        0.005790341245949385
      ],
      [
        -0.0004515620275254914,
        0.05604129477076228,
        -0.998428349643653,
        1.2706967202882995
      ],
      [
        0.0,
        0.0,
        0.0,
        1.0
      ]
    ]
  }
}