{
  "agentview": {
    "intrinsic": [
      [
        618.0386719675123,
        0.0,
        256.0
      ],
      [
        0.0,
        618.0386719675123,
        256.0
      ],
      [
        0.0,
        0.0,
        1.0
      ]
    ],
    "extrinsic": [
      [
        -7.268184498698815e-08,
        0.6282664504107425,
        -0.7779982437565529,
        0.6586131746834771
      ],
      [
        0.9999999999999858,
        -7.268184498698815e-08,
        -1.521152659944569e-07,
        0.0
      ],
      [
        -1.521152659944569e-07,
        -0.7779982437565529,
        -0.6282664504107283,
        1.6103500240372424
      ],
      [
        0.0,
        0.0,
        0.0,
        1.0
      ]
    ]
  },
  "robot0_eye_in_hand": {
    "intrinsic": [
      [
        333.6256954473487,
        0.0,
        256.0
      ],
      [
        0.0,
        333.6256954473487,
        256.0
      ],
      [
        0.0,
        0.0,
        1.0
      ]
    ],
    "extrinsic": [
      [
        0.0008679646767767446,
        -0.9983793136104693,
        -0.05690336362644367,
        -0.15169959625707458
      ],
      [
        -0.9999995424578174,
        -0.0008894417165395962,
        0.00035210450722345313,
        0.00982777118329103
      ],
      [
        -0.0004021460816616869,
        0.056903031976479806,
        -0.9983796288138135,
        1.2754512768373336
      ],
      [
        0.0,
        0.0,
        0.0,
        1.0
      ]
    ]
  }
}