{
  "agentview": {
    "intrinsic": [
      [
        618.0386719675123,
        0.0,
        256.0
      ],
      [
        0.0,
        618.0386719675123,
        256.0
      ],
      [
        0.0,
        0.0,
        1.0
      ]
    ],
    "extrinsic": [
      [
        -7.268184498698815e-08,
        0.6282664504107425,
        -0.7779982437565529,
        0.6586131746834771
      ],
      [
        0.9999999999999858,
        -7.268184498698815e-08,
        -1.521152659944569e-07,
        0.0
      ],
      [
        -1.521152659944569e-07,
        -0.7779982437565529,
        -0.6282664504107283,
        1.6103500240372424
      ],
      [
        0.0,
        0.0,
        0.0,
        1.0
      ]
    ]
  },
  "robot0_eye_in_hand": {
    "intrinsic": [
      [
        333.6256954473487,
        0.0,
        256.0
      ],
      [
        0.0,
        333.6256954473487,
        256.0
      ],
      [
        0.0,
        0.0,
        1.0
      ]
    ],
    "extrinsic": [
      [
        0.001282029603402901,
        -0.9984424103733804,
        -0.05577732126848946,
        -0.15597713582010286
      ],
      [
        -0.9999991725398245,
        -0.0012859681743489504,
        3.47205825232573e-05,
        0.0009215643402516499
      ],
      [
        -0.00010639436210579944,
        0.05577723060216283,
        -0.998443232851318,
        1.2537791870649984
      ],
      [
        0.0,
        0.0,
        0.0,
        1.0
      ]
    ]
  }
}