{
  "active_obstacle": {
    "name": "milk_obstacle_1",
    "position": [
      -0.08000088399559709,
      0.24999994758122657,
      1.0394854773015707
    ],
    "quaternion": [
      0.7071067884324113,
      -5.626600566758247e-08,
      5.557014452852302e-08,
      0.7071067739406801
    ]
  },
  "all_obstacles": {
    "moka_pot_obstacle_1": {
      "position": [
        -9.999988637907334,
        -0.0013109999182848704,
        0.10577777419768673
      ],
      "quaternion": [
        -1.4291829000921246e-06,
        -6.147296963401813e-08,
        -2.5113448930368517e-07,
        0.9999999999989457
      ]
    },
    "white_storage_box_obstacle_1": {
      "position": [
        10.000002229198568,
        -0.00031841069742752397,
        0.058296368575080255
      ],
      "quaternion": [
        0.7071067811865386,
        -1.1501128365096415e-07,
        -1.1501128368336693e-07,
        0.7071067811865379
      ]
    },
    "milk_obstacle_1": {
      "position": [
        -0.08000088399559709,
        0.24999994758122657,
        1.0394854773015707
      ],
      "quaternion": [
        0.7071067884324113,
        -5.626600566758247e-08,
        5.557014452852302e-08,
        0.7071067739406801
      ]
    },
    "wine_bottle_obstacle_1": {
      "position": [
        -7.542848878343093e-09,
        9.999999881073853,
        -0.0018877546812306558
      ],
      "quaternion": [
        -1.878094027336191e-05,
        2.1334141181335746e-05,
        0.707106780872643,
        0.7071067809292022
      ]
    },
    "red_coffee_mug_obstacle_1": {
      "position": [
        20.000000001459952,
        2.5696828444003884e-08,
        0.00183455530031313
      ],
      "quaternion": [
        -5.805344148008455e-06,
        6.549903534378118e-06,
        0.7071067811583506,
        0.7071067811605782
      ]
    },
    "yellow_book_obstacle_1": {
      "position": [
        -19.999999993693603,
        1.0378717203892964e-07,
        -0.002184522581391894
      ],
      "quaternion": [
        5.627410953370926e-17,
        -2.829520037098239e-18,
        1.0501799634064153e-12,
        1.0
      ]
    }
  }
}