{
  "active_obstacle": {
    "name": "milk_obstacle_1",
    "position": [
      -0.09046358180042108,
      0.06223487428947802,
      1.0394854773015705
    ],
    "quaternion": [
      0.7071067884324113,
      -5.5922968518353744e-08,
      5.5913181670500714e-08,
      0.7071067739406799
    ]
  },
  "all_obstacles": {
    "moka_pot_obstacle_1": {
      "position": [
        -10.000011362092664,
        0.0013109999182858109,
        0.10577777419768651
      ],
      "quaternion": [
        6.14729696356177e-08,
        -1.4291829000896701e-06,
        0.9999999999989446,
        2.51134489679675e-07
      ]
    },
    "white_storage_box_obstacle_1": {
      "position": [
        10.000002229198568,
        -0.00031841069742698604,
        0.05829636857508027
      ],
      "quaternion": [
        0.7071067811865387,
        -1.1501128377991e-07,
        -1.1501128373675573e-07,
        0.707106781186538
      ]
    },
    "milk_obstacle_1": {
      "position": [
        -0.09046358180042108,
        0.06223487428947802,
        1.0394854773015705
      ],
      "quaternion": [
        0.7071067884324113,
        -5.5922968518353744e-08,
        5.5913181670500714e-08,
        0.7071067739406799
      ]
    },
    "wine_bottle_obstacle_1": {
      "position": [
        -7.54284887823765e-09,
        9.999999881073853,
        -0.0018877546812306556
      ],
      "quaternion": [
        -1.8780940273356873e-05,
        2.1334141181337013e-05,
        0.707106780872643,
        0.7071067809292022
      ]
    },
    "red_coffee_mug_obstacle_1": {
      "position": [
        19.999999998540048,
        -2.569682839285766e-08,
        0.0018345553003131301
      ],
      "quaternion": [
        6.5499035343841685e-06,
        5.805344147998276e-06,
        -0.7071067811605782,
        0.7071067811583506
      ]
    },
    "yellow_book_obstacle_1": {
      "position": [
        -19.999999993693603,
        1.0378717203745072e-07,
        -0.002184522581391894
      ],
      "quaternion": [
        6.257319008464144e-17,
        -4.111102153754567e-19,
        1.050179659881484e-12,
        1.0
      ]
    }
  }
}