{
  "active_obstacle": {
    "name": "red_coffee_mug_obstacle_1",
    "position": [
      0.08999688236489546,
      -0.25996961003756747,
      1.1298290979930592
    ],
    "quaternion": [
      8.030040116373485e-07,
      2.089541381525623e-07,
      0.7071076344053052,
      0.7071059279662736
    ]
  },
  "all_obstacles": {
    "moka_pot_obstacle_1": {
      "position": [
        -9.999988637907336,
        -0.001310999918284562,
        0.10577777419768673
      ],
      "quaternion": [
        -1.4291829000926923e-06,
        -6.147296962950983e-08,
        -2.5113448882668274e-07,
        0.9999999999989457
      ]
    },
    "white_storage_box_obstacle_1": {
      "position": [
        10.000002229198568,
        -0.00031841069742806016,
        0.05829636857508027
      ],
      "quaternion": [
        0.7071067811865387,
        -1.1501128340648433e-07,
        -1.1501128338944777e-07,
        0.707106781186538
      ]
    },
    "milk_obstacle_1": {
      "position": [
        7.928029285557569e-05,
        -9.999989418053188,
        0.19449237015816082
      ],
      "quaternion": [
        0.7071080849049011,
        -7.850429599604727e-05,
        7.852685496431077e-05,
        0.7071054687475788
      ]
    },
    "wine_bottle_obstacle_1": {
      "position": [
        -7.5428488783134e-09,
        9.999999881073853,
        -0.0018877546812306563
      ],
      "quaternion": [
        -1.8780940273363347e-05,
        2.1334141181335434e-05,
        0.707106780872643,
        0.7071067809292022
      ]
    },
    "red_coffee_mug_obstacle_1": {
      "position": [
        0.08999688236489546,
        -0.25996961003756747,
        1.1298290979930592
      ],
      "quaternion": [
        8.030040116373485e-07,
        2.089541381525623e-07,
        0.7071076344053052,
        0.7071059279662736
      ]
    },
    "yellow_book_obstacle_1": {
      "position": [
        -19.999999993693603,
        1.0378717203716518e-07,
        -0.002184522581391894
      ],
      "quaternion": [
        5.305955218467509e-17,
        2.1174361532997243e-18,
        1.0501795971810602e-12,
        1.0
      ]
    }
  }
}